date,mode,regime,seed,overrides,operating_cost_USD,DR_cost_USD,battery_wear,converter_wear,wear_cost_USD,terminal_correction_USD,total_cost_USD,energy_adjusted_cost_USD,terminal_SOC,terminal_SOC_error,trip,thermal_exceedance_hours,DR_shortfall_kWh,Tj_RMSE_C,Tj_peak_C,FEC,solver_p95_seconds,max_rainflow_gap_USD,solver_status_counts,numerical_gate,terminal_service_met,elapsed_seconds,setting
2017-01-01,waveform,heatwave_dr,41,"{'energy_capacity': 100.0, 'battery_capex': 25000.0}",258.301510353011,0.0014728148061884383,0.00012723289623068937,5.933189206624789e-09,3.1810004014434328,0.0,261.4839835692606,261.4839835692606,0.5,0.0,0,0.0,0.0007364074030942191,0.1822210562105549,44.15767842408085,1.2000000000000002,0.026015574985649437,4.440892098500626e-16,{'optimal': 96},PASS,True,1.5846258999954443,battery_100
2017-01-01,waveform,heatwave_dr,73,"{'energy_capacity': 100.0, 'battery_capex': 25000.0}",258.29793195533983,0.0032383495107985993,0.00012723289623068937,5.923475137619133e-09,3.1810001100213627,0.0,261.48217041487203,261.48217041487203,0.5,0.0,0,0.0,0.0016191747553992997,0.200374594076657,44.15360093956188,1.2000000000000002,0.02628372499748366,1.3322676295501878e-15,{'optimal': 96},PASS,True,1.585904000006849,battery_100
2017-01-01,scalar,heatwave_dr,73,"{'energy_capacity': 100.0, 'battery_capex': 25000.0}",258.3036545624765,0.008530098226803062,0.00012723289623068937,5.934527923667363e-09,3.181000441604944,0.0,261.49318510230825,261.49318510230825,0.5,0.0,0,0.0,0.004265049113401531,0.26848542574776896,44.15161000942606,1.2000000000000002,0.026758049993077293,4.440892098500626e-16,{'optimal': 96},PASS,True,1.6103213999886066,battery_100
2017-01-01,scalar,heatwave_dr,41,"{'energy_capacity': 100.0, 'battery_capex': 25000.0}",258.3036545624765,0.008530098226803062,0.00012723289623068937,5.934527923667363e-09,3.181000441604944,0.0,261.49318510230825,261.49318510230825,0.5,0.0,0,0.0,0.004265049113401531,0.2405725720488024,44.15161000942606,1.2000000000000002,0.027306424999551382,4.440892098500626e-16,{'optimal': 96},PASS,True,1.6173908000055235,battery_100
2017-01-01,full_mean,heatwave_dr,41,"{'energy_capacity': 100.0, 'battery_capex': 25000.0}",258.301510353011,0.0014728148061884383,0.00012723289623068937,5.933189206624789e-09,3.1810004014434328,0.0,261.4839835692606,261.4839835692606,0.5,0.0,0,0.0,0.0007364074030942191,0.05899146499437973,44.15767842408085,1.2000000000000002,0.03361880000738893,4.440892098500626e-16,{'optimal': 96},PASS,True,1.6458324000122957,battery_100
2017-01-01,full,heatwave_dr,41,"{'energy_capacity': 100.0, 'battery_capex': 25000.0}",258.301510353011,0.0014728148061884383,0.00012723289623068937,5.933189206624789e-09,3.1810004014434328,0.0,261.4839835692606,261.4839835692606,0.5,0.0,0,0.0,0.0007364074030942191,0.5161272098711461,44.15767842408085,1.2000000000000002,0.02851737500895979,4.440892098500626e-16,{'optimal': 96},PASS,True,1.6945469999918714,battery_100
2017-01-01,full_mean,heatwave_dr,73,"{'energy_capacity': 100.0, 'battery_capex': 25000.0}",258.29793195533983,0.0032383495107985993,0.00012723289623068937,5.923475137619133e-09,3.1810001100213627,0.0,261.48217041487203,261.48217041487203,0.5,0.0,0,0.0,0.0016191747553992997,0.05277593003472223,44.15360093956188,1.2000000000000002,0.03870587500568945,1.3322676295501878e-15,{'optimal': 96},PASS,True,2.279967599984957,battery_100
2017-01-01,full,heatwave_dr,73,"{'energy_capacity': 100.0, 'battery_capex': 25000.0}",258.29793195533983,0.0032383495107985993,0.00012723289623068937,5.923475137619133e-09,3.1810001100213627,0.0,261.48217041487203,261.48217041487203,0.5,0.0,0,0.0,0.0016191747553992997,0.5198421321162457,44.15360093956188,1.2000000000000002,0.038755775000026915,1.3322676295501878e-15,{'optimal': 96},PASS,True,2.297867600020254,battery_100
2017-04-01,scalar,heatwave_dr,73,"{'energy_capacity': 100.0, 'battery_capex': 25000.0}",19.31050160732959,0.0,0.00012752090513387784,6.77532268865091e-07,3.208348596412899,0.0,22.518850203742492,22.518850203742492,0.5,0.0,0,0.0,0.0,0.2940786626271617,77.38478089736272,1.2026237262374475,0.07592372501676437,7.673008355668642e-05,{'optimal': 96},PASS,True,2.587835800019093,battery_100
2017-04-01,scalar,heatwave_dr,41,"{'energy_capacity': 100.0, 'battery_capex': 25000.0}",19.284985951859035,0.0,0.00012793506050613642,6.775362627139143e-07,3.218702600534828,0.0,22.503688552393864,22.503688552393864,0.5,0.0,0,0.0,0.0,0.2783662485791972,77.38481983788495,1.206441200447772,0.07974002499395283,6.781876122044506e-05,{'optimal': 96},PASS,True,2.6683202999993227,battery_100
2017-04-01,waveform,heatwave_dr,73,"{'energy_capacity': 100.0, 'battery_capex': 25000.0}",19.29237879811716,0.0,0.00012777511637275513,6.764813283477217e-07,3.2146723491693097,0.0,22.507051147286468,22.507051147286468,0.5,0.0,0,0.0,0.0,0.2014901991855001,77.3730588461169,1.2049734743084688,0.08712979999108939,8.285483376635483e-05,{'optimal': 96},PASS,True,3.335955299990019,battery_100
2017-04-01,waveform,heatwave_dr,41,"{'energy_capacity': 100.0, 'battery_capex': 25000.0}",19.277163673147523,0.0,0.00012802130521080896,6.761760329996003e-07,3.220817911260212,0.0,22.497981584407736,22.497981584407736,0.5,0.0,0,0.0,0.0,0.1811870500978569,77.36964776795865,1.2072166561149866,0.08668695000960724,6.205385071209046e-05,{'optimal': 96},PASS,True,3.383991100010462,battery_100
2017-04-01,full_mean,heatwave_dr,73,"{'energy_capacity': 100.0, 'battery_capex': 25000.0}",19.282606156788844,0.0,0.00012792780135663633,6.764828446955347e-07,3.2184895192567744,0.0,22.50109567604562,22.50109567604562,0.5,0.0,0,0.0,0.0,0.05867746488459172,77.37307364739267,1.2063758839115184,0.06297512500168523,7.920890645962686e-05,{'optimal': 96},PASS,True,2.516686999995727,battery_100
2017-04-01,full_mean,heatwave_dr,41,"{'energy_capacity': 100.0, 'battery_capex': 25000.0}",19.277229155099075,0.0,0.00012802027648434763,6.761760222123137e-07,3.2207921927750602,0.0,22.498021347874136,22.498021347874136,0.5,0.0,0,0.0,0.0,0.0587501644655956,77.36964766608725,1.2072072488258208,0.06373829999211011,6.71741805281234e-05,{'optimal': 96},PASS,True,2.610144100006437,battery_100
2017-04-01,full,heatwave_dr,41,"{'energy_capacity': 100.0, 'battery_capex': 25000.0}",19.277786331078776,0.0,0.00012801152463583389,6.761759305951973e-07,3.220573393813703,0.0,22.498359724892477,22.498359724892477,0.5,0.0,0,0.0,0.0,0.5160948744552772,77.36964679996495,1.207127206268932,0.08668987499549985,6.715348541677657e-05,{'optimal': 96},PASS,True,3.31007719997433,battery_100
2017-04-01,full,heatwave_dr,73,"{'energy_capacity': 100.0, 'battery_capex': 25000.0}",19.282793774430868,0.0,0.00012792486267247143,6.764828147882853e-07,3.218416051255434,0.0,22.501209825686303,22.501209825686303,0.5,0.0,0,0.0,0.0,0.5205110283763488,77.37307335968703,1.2063489464617398,0.08533825001359219,7.955287534189281e-05,{'optimal': 96},PASS,True,3.3699289000069257,battery_100
2017-07-01,scalar,heatwave_dr,41,"{'energy_capacity': 100.0, 'battery_capex': 25000.0}",-2.3542185457402165,0.0,3.429271871002841e-05,4.056708675611307e-09,0.8574396690109786,0.0,-1.496778876729238,-1.496778876729238,0.5,0.0,0,0.0,0.0,0.19683639256657046,57.24116595151215,0.4459062569287594,0.11127977498836117,8.455808992754998e-05,{'optimal': 96},PASS,True,3.228106700000353,battery_100
2017-07-01,scalar,heatwave_dr,73,"{'energy_capacity': 100.0, 'battery_capex': 25000.0}",-2.354218545768169,0.0,3.429271817620069e-05,4.056708676570926e-09,0.8574396556653143,0.0,-1.4967788901028545,-1.4967788901028545,0.5,0.0,0,0.0,0.0,0.21118936607571925,57.241165952508965,0.4459062569287594,0.11569924999639625,8.455808992754998e-05,{'optimal': 96},PASS,True,3.186127499997383,battery_100
2017-07-01,waveform,heatwave_dr,41,"{'energy_capacity': 100.0, 'battery_capex': 25000.0}",-2.349805747505502,0.0,3.3695096254014736e-05,4.063237403636209e-09,0.8424993034724775,0.0,-1.5073064440330244,-1.5073064440330244,0.5,0.0,0,0.0,0.0,0.18211092323480815,57.244052877899264,0.44639012256430133,0.144848775016726,8.390528911297879e-05,{'optimal': 96},PASS,True,3.8136906000145245,battery_100
2017-07-01,waveform,heatwave_dr,73,"{'energy_capacity': 100.0, 'battery_capex': 25000.0}",-2.2381780316724966,0.0,3.289394636774658e-05,4.062110754846191e-09,0.8224705225163098,0.0,-1.4157075091561868,-1.4157075091561868,0.5,0.0,0,0.0,0.0,0.20020592050574684,57.24198460888338,0.43831167830596257,0.14030482499947539,8.394068616196515e-05,{'optimal': 96},PASS,True,4.015273500001058,battery_100
2017-07-01,full_mean,heatwave_dr,41,"{'energy_capacity': 100.0, 'battery_capex': 25000.0}",-2.349805747505502,0.0,3.3695096254014736e-05,4.063237403636209e-09,0.8424993034724775,0.0,-1.5073064440330244,-1.5073064440330244,0.5,0.0,0,0.0,0.0,0.05618375931088466,57.244052877899264,0.44639012256430133,0.12740317499265075,8.390528911297879e-05,{'optimal': 96},PASS,True,3.1653551000053994,battery_100
2017-07-01,full_mean,heatwave_dr,73,"{'energy_capacity': 100.0, 'battery_capex': 25000.0}",-2.2680632782775536,0.0,3.293015734169607e-05,4.062876907931311e-09,0.8233758198496396,0.0,-1.444687458427914,-1.444687458427914,0.5,0.0,0,0.0,0.0,0.050855524245363805,57.24318972864308,0.4406121422059803,0.13658347501041135,8.701102659602888e-05,{'optimal': 96},PASS,True,3.459522899996955,battery_100
2017-10-01,scalar,heatwave_dr,41,"{'energy_capacity': 100.0, 'battery_capex': 25000.0}",30.501678845753993,0.0,0.00013841015470074998,1.4106170026885918e-07,3.464485718526815,0.0,33.96616456428081,33.96616456428081,0.5,0.0,0,0.0,0.0,0.4971746306643153,64.33969242901816,1.2500002462651585,0.06314762500551296,9.321712499921198e-05,{'optimal': 96},PASS,True,2.4185819999838714,battery_100
2017-10-01,scalar,heatwave_dr,73,"{'energy_capacity': 100.0, 'battery_capex': 25000.0}",30.501678845753993,0.0,0.00013841015470074998,1.4106170026885918e-07,3.464485718526815,0.0,33.96616456428081,33.96616456428081,0.5,0.0,0,0.0,0.0,0.4894200895808231,64.33969242901816,1.2500002462651585,0.06322042502142722,9.321712499921198e-05,{'optimal': 96},PASS,True,2.3644968000007793,battery_100
2017-07-01,full,heatwave_dr,41,"{'energy_capacity': 100.0, 'battery_capex': 25000.0}",-2.349805747505502,0.0,3.3695096254014736e-05,4.063237403636209e-09,0.8424993034724775,0.0,-1.5073064440330244,-1.5073064440330244,0.5,0.0,0,0.0,0.0,0.5164979256424407,57.244052877899264,0.44639012256430133,0.14580995000869734,8.390528911297879e-05,{'optimal': 96},PASS,True,4.001555199996801,battery_100
2017-07-01,full,heatwave_dr,73,"{'energy_capacity': 100.0, 'battery_capex': 25000.0}",-2.3503155042965185,0.0,3.368780495874008e-05,4.062736614822882e-09,0.8423170060669467,0.0,-1.5079984982295718,-1.5079984982295718,0.5,0.0,0,0.0,0.0,0.5200669878631804,57.24318972512725,0.4459959995512576,0.14166729999124072,8.701126470422871e-05,{'optimal': 96},PASS,True,4.1314973999978974,battery_100
2017-10-01,waveform,heatwave_dr,41,"{'energy_capacity': 100.0, 'battery_capex': 25000.0}",30.493752111607282,0.0,0.0001385450002550072,1.38576169077533e-07,3.4677822914475063,0.0,33.96153440305479,33.96153440305479,0.5,0.0,0,0.0,0.0,0.1831670461950635,64.2352468070511,1.2508061126155332,0.06218212500971276,9.393609582730722e-05,{'optimal': 96},PASS,True,2.465922799980035,battery_100
2017-10-01,waveform,heatwave_dr,73,"{'energy_capacity': 100.0, 'battery_capex': 25000.0}",30.493122194808052,0.0,0.0001385375767002199,1.3857739346081417e-07,3.4675967393093217,0.0,33.960718934117374,33.960718934117374,0.5,0.0,0,0.0,0.0,0.19948234551429797,64.23530699400385,1.2507571069679693,0.06402849999722093,9.31154139949264e-05,{'optimal': 96},PASS,True,2.4513192999875173,battery_100
2017-10-01,full_mean,heatwave_dr,41,"{'energy_capacity': 100.0, 'battery_capex': 25000.0}",30.493752111607282,0.0,0.0001385450002550072,1.38576169077533e-07,3.4677822914475063,0.0,33.96153440305479,33.96153440305479,0.5,0.0,0,0.0,0.0,0.06058832673966604,64.2352468070511,1.2508061126155332,0.08450455000274815,9.393609582730722e-05,{'optimal': 96},PASS,True,3.2124743000022136,battery_100
2017-10-01,full_mean,heatwave_dr,73,"{'energy_capacity': 100.0, 'battery_capex': 25000.0}",30.493122194808052,0.0,0.0001385375767002199,1.3857739346081417e-07,3.4675967393093217,0.0,33.960718934117374,33.960718934117374,0.5,0.0,0,0.0,0.0,0.05435758289361858,64.23530699400385,1.2507571069679693,0.08463580001262017,9.31154139949264e-05,{'optimal': 96},PASS,True,3.221340699994471,battery_100
2017-10-01,full,heatwave_dr,41,"{'energy_capacity': 100.0, 'battery_capex': 25000.0}",30.493752111607282,0.0,0.0001385450002550072,1.38576169077533e-07,3.4677822914475063,0.0,33.96153440305479,33.96153440305479,0.5,0.0,0,0.0,0.0,0.5167963004849602,64.2352468070511,1.2508061126155332,0.08024277500953758,9.393609582730722e-05,{'optimal': 96},PASS,True,2.7963591000007,battery_100
2017-10-01,full,heatwave_dr,73,"{'energy_capacity': 100.0, 'battery_capex': 25000.0}",30.493122194808052,0.0,0.0001385375767002199,1.3857739346081417e-07,3.4675967393093217,0.0,33.960718934117374,33.960718934117374,0.5,0.0,0,0.0,0.0,0.5199030126884182,64.23530699400385,1.2507571069679693,0.08061082500353223,9.31154139949264e-05,{'optimal': 96},PASS,True,2.9759864000079688,battery_100
2017-01-01,scalar,heatwave_dr,41,"{'energy_capacity': 400.0, 'battery_capex': 100000.0}",236.98722089917987,0.0,8.176700146805133e-05,2.1098953695165757e-06,8.23999700789063,0.0,245.2272179070705,245.2272179070705,0.5,0.0,0,0.0,0.0,1.0224831579518145,76.53602854549392,0.9195413814656604,0.02549327500310028,9.611776916695902e-05,{'optimal': 96},PASS,True,1.912573200010229,battery_400
2017-01-01,scalar,heatwave_dr,73,"{'energy_capacity': 400.0, 'battery_capex': 100000.0}",236.98722089917987,0.0,8.176700146805133e-05,2.1098953695165757e-06,8.23999700789063,0.0,245.2272179070705,245.2272179070705,0.5,0.0,0,0.0,0.0,1.0403117214709494,76.53602854549392,0.9195413814656604,0.023192574990389403,9.611776916695902e-05,{'optimal': 96},PASS,True,1.7410854999907315,battery_400
2017-01-01,waveform,heatwave_dr,41,"{'energy_capacity': 400.0, 'battery_capex': 100000.0}",236.9655507320875,0.0,8.191376311350174e-05,2.1332304180144946e-06,8.25537322389061,0.0,245.22092395597812,245.22092395597812,0.5,0.0,0,0.0,0.0,0.20065851411055352,76.67951254160674,0.9205624693624536,0.019215025000448804,4.680199695350495e-06,{'optimal': 96},PASS,True,1.4339127000130247,battery_400
2017-01-01,waveform,heatwave_dr,73,"{'energy_capacity': 400.0, 'battery_capex': 100000.0}",236.95893397220078,0.0,8.190176285077262e-05,2.1337071798882884e-06,8.254187500473911,0.0,245.2131214726747,245.2131214726747,0.5,0.0,0,0.0,0.0,0.21963233364496323,76.68320676444606,0.920480107687226,0.020926175006025005,4.771651335389038e-06,{'optimal': 96},PASS,True,1.3561205000150949,battery_400
2017-01-01,full_mean,heatwave_dr,41,"{'energy_capacity': 400.0, 'battery_capex': 100000.0}",236.9655507320875,0.0,8.191376311350174e-05,2.1332304180144946e-06,8.25537322389061,0.0,245.22092395597812,245.22092395597812,0.5,0.0,0,0.0,0.0,0.1058942782933725,76.67951254160674,0.9205624693624536,0.023408074986946303,4.680210934360218e-06,{'optimal': 96},PASS,True,1.890432200016221,battery_400
2017-01-01,full,heatwave_dr,41,"{'energy_capacity': 400.0, 'battery_capex': 100000.0}",236.9655507320875,0.0,8.191376311350174e-05,2.1332304180144946e-06,8.25537322389061,0.0,245.22092395597812,245.22092395597812,0.5,0.0,0,0.0,0.0,0.5184150487497341,76.67951254160674,0.9205624693624536,0.021200774986937176,4.680209048757433e-06,{'optimal': 96},PASS,True,1.5881247000070289,battery_400
2017-01-01,full_mean,heatwave_dr,73,"{'energy_capacity': 400.0, 'battery_capex': 100000.0}",236.95893397220078,0.0,8.190176285077262e-05,2.1337071798882884e-06,8.254187500473911,0.0,245.2131214726747,245.2131214726747,0.5,0.0,0,0.0,0.0,0.09124381476179577,76.68320676444606,0.920480107687226,0.027845650001836475,4.7716634226091514e-06,{'optimal': 96},PASS,True,1.8978951000026427,battery_400
2017-01-01,full,heatwave_dr,73,"{'energy_capacity': 400.0, 'battery_capex': 100000.0}",236.95893397220078,0.0,8.190176285077262e-05,2.1337071798882884e-06,8.254187500473911,0.0,245.2131214726747,245.2131214726747,0.5,0.0,0,0.0,0.0,0.5148509989000205,76.68320676444606,0.920480107687226,0.02276357500522863,4.771663299152351e-06,{'optimal': 96},PASS,True,1.6271146000071894,battery_400
2017-04-01,scalar,heatwave_dr,73,"{'energy_capacity': 400.0, 'battery_capex': 100000.0}",16.170486112017535,0.0,1.680823866510021e-05,8.460115793648785e-07,1.7062042138909674,0.0,17.876690325908502,17.876690325908502,0.5,0.0,0,0.0,0.0,0.30699422052855707,78.62387225111084,0.34115627838400514,0.0824371999988216,6.877318575922164e-05,{'optimal': 96},PASS,True,2.500356800010195,battery_400
2017-04-01,scalar,heatwave_dr,41,"{'energy_capacity': 400.0, 'battery_capex': 100000.0}",16.172055003086122,0.0,1.6810080776115546e-05,8.457733156432588e-07,1.7063812770808524,0.0,17.878436280166973,17.878436280166973,0.5,0.0,0,0.0,0.0,0.29077816529382755,78.62387225110963,0.34115627838400514,0.09214507499564206,6.828498266536753e-05,{'optimal': 96},PASS,True,3.1517055000003893,battery_400
2017-04-01,waveform,heatwave_dr,73,"{'energy_capacity': 400.0, 'battery_capex': 100000.0}",16.253159536819965,0.0,1.67136372230292e-05,8.288870869703425e-07,1.6962303349120302,0.0,17.949389871731995,17.949389871731995,0.5,0.0,0,0.0,0.0,0.20152878636004246,78.26963946059233,0.3413171276522239,0.06281367501651403,8.091223641448764e-05,{'optimal': 96},PASS,True,2.57167639999534,battery_400
2017-04-01,waveform,heatwave_dr,41,"{'energy_capacity': 400.0, 'battery_capex': 100000.0}",16.252190342708566,0.0,1.6712919999747166e-05,8.287413943965583e-07,1.6961542418066133,0.0,17.94834458451518,17.94834458451518,0.5,0.0,0,0.0,0.0,0.18193753357583173,78.26948064366368,0.3413010258477974,0.07782424998731585,9.549680617998435e-05,{'optimal': 96},PASS,True,3.2104294000018854,battery_400
2017-04-01,full,heatwave_dr,41,"{'energy_capacity': 400.0, 'battery_capex': 100000.0}",16.25282685602241,0.0,1.6712221162748544e-05,8.28655569469723e-07,1.696081783358946,0.0,17.948908639381354,17.948908639381354,0.5,0.0,0,0.0,0.0,0.5166192366902078,78.26700424016866,0.34130102584779753,0.0661315250035841,9.584680879345941e-05,{'optimal': 96},PASS,True,2.364000899979146,battery_400
2017-04-01,full_mean,heatwave_dr,41,"{'energy_capacity': 400.0, 'battery_capex': 100000.0}",16.25350961616476,0.0,1.671147361944689e-05,8.285652193029766e-07,1.6960043185237783,0.0,17.94951393468854,17.94951393468854,0.5,0.0,0,0.0,0.0,0.06039609131473224,78.26435573837337,0.3413010258477975,0.08435857500444399,9.622423290647775e-05,{'optimal': 96},PASS,True,2.8224099000217393,battery_400
2017-04-01,full_mean,heatwave_dr,73,"{'energy_capacity': 400.0, 'battery_capex': 100000.0}",16.252645437216916,0.0,1.6714198784426917e-05,8.289549436369001e-07,1.6962885267517986,0.0,17.948933963968713,17.948933963968713,0.5,0.0,0,0.0,0.0,0.05857562071991389,78.27162904374231,0.34131712765222383,0.07821167499787407,8.055227358169659e-05,{'optimal': 96},PASS,True,3.0550318000023253,battery_400
2017-04-01,full,heatwave_dr,73,"{'energy_capacity': 400.0, 'battery_capex': 100000.0}",16.252473541645195,0.0,1.6714386642736687e-05,8.289777739877253e-07,1.6963079974933004,0.0,17.948781539138494,17.948781539138494,0.5,0.0,0,0.0,0.0,0.5205219415698612,78.27229468085638,0.34131712765222394,0.0675939499924425,8.043215668201986e-05,{'optimal': 96},PASS,True,2.792597499996191,battery_400
2017-07-01,scalar,heatwave_dr,41,"{'energy_capacity': 400.0, 'battery_capex': 100000.0}",11.435778242204911,0.0,3.194364211306833e-05,7.993580774821787e-06,3.4341716345514866,0.0,14.869949876756397,14.869949876756397,0.5,0.0,0,0.0,0.0,0.9432368355745687,106.92117797606384,0.39987396603316233,0.07565080000495072,6.848817444460309e-05,{'optimal': 96},PASS,True,2.609925099997781,battery_400
2017-07-01,scalar,heatwave_dr,73,"{'energy_capacity': 400.0, 'battery_capex': 100000.0}",11.435795699202295,0.0,3.194364211306833e-05,8.056163831165521e-06,3.436049126241799,0.0,14.871844825444093,14.871844825444093,0.5,0.0,0,0.0,0.0,0.9470179759688034,107.00537460350918,0.39987396603316233,0.07710137501271674,6.848817444460309e-05,{'optimal': 96},PASS,True,2.608135999995284,battery_400
2017-07-01,waveform,heatwave_dr,73,"{'energy_capacity': 400.0, 'battery_capex': 100000.0}",11.439611340732602,0.0,3.1953404274001784e-05,4.872288566226232e-06,3.3415090843869657,0.0,14.781120425119568,14.781120425119568,0.5,0.0,0,0.0,0.0,0.2095448233789777,101.76182585559783,0.39991301556612796,0.07156457500241231,6.860938723160515e-05,{'optimal': 96},PASS,True,2.8351715999888256,battery_400
2017-07-01,waveform,heatwave_dr,41,"{'energy_capacity': 400.0, 'battery_capex': 100000.0}",11.436712849018276,0.0,3.195227807997805e-05,4.210155759464074e-06,3.3215324807817272,0.0,14.758245329800003,14.758245329800003,0.5,0.0,0,0.0,0.0,0.17919944371051522,100.31211007970532,0.39990730195543095,0.07998214998224284,6.859474871061255e-05,{'optimal': 96},PASS,True,2.917782000004081,battery_400
2017-07-01,full_mean,heatwave_dr,73,"{'energy_capacity': 400.0, 'battery_capex': 100000.0}",11.43987271339779,0.0,3.1953404274001784e-05,4.863226894366748e-06,3.341237234231181,0.0,14.781109947628972,14.781109947628972,0.5,0.0,0,0.0,0.0,0.07349736257734563,101.74281099964031,0.39991301556612796,0.060754924998036586,6.860938723160515e-05,{'optimal': 96},PASS,True,2.6222627999959514,battery_400
2017-07-01,full_mean,heatwave_dr,41,"{'energy_capacity': 400.0, 'battery_capex': 100000.0}",11.436881942107798,0.0,3.195227807997805e-05,4.2476465016078315e-06,3.32265720304604,0.0,14.759539145153838,14.759539145153838,0.5,0.0,0,0.0,0.0,0.07712583635264393,100.39942179488207,0.39990730195543095,0.060943525000766385,6.859474871061255e-05,{'optimal': 96},PASS,True,2.694904400006635,battery_400
2017-07-01,full,heatwave_dr,73,"{'energy_capacity': 400.0, 'battery_capex': 100000.0}",11.439886749868776,0.0,3.1953404274001784e-05,4.8629788100968225e-06,3.3412297917030833,0.0,14.78111654157186,14.78111654157186,0.5,0.0,0,0.0,0.0,0.5183291427099309,101.74227691006976,0.39991301556612796,0.0712740750022931,6.860938723160515e-05,{'optimal': 96},PASS,True,2.8448541999969166,battery_400
2017-07-01,full,heatwave_dr,41,"{'energy_capacity': 400.0, 'battery_capex': 100000.0}",11.436880515282336,0.0,3.195227807997805e-05,4.2472857224714565e-06,3.3226463796719488,0.0,14.759526894954284,14.759526894954284,0.5,0.0,0,0.0,0.0,0.5172135343815569,100.39858471999975,0.39990730195543095,0.0800918249951792,6.859474871061255e-05,{'optimal': 96},PASS,True,2.913035999983549,battery_400
2017-10-01,scalar,heatwave_dr,41,"{'energy_capacity': 400.0, 'battery_capex': 100000.0}",28.22410457672747,0.0,1.8723638255908212e-05,6.240057681892311e-07,1.8910839986364982,0.0,30.11518857536397,30.11518857536397,0.5,0.0,0,0.0,0.0,0.49549408846987775,73.38014255680311,0.35209302525795927,0.0359548500055098,9.610697759677989e-05,{'optimal': 96},PASS,True,1.786546899995301,battery_400
2017-10-01,scalar,heatwave_dr,73,"{'energy_capacity': 400.0, 'battery_capex': 100000.0}",28.22410463786045,0.0,1.8723638255908212e-05,6.240084713555106e-07,1.8910840797314865,0.0,30.115188717591934,30.115188717591934,0.5,0.0,0,0.0,0.0,0.49891558990879953,73.38017792975452,0.35209302525795927,0.033991874995990656,9.610697759677989e-05,{'optimal': 96},PASS,True,1.7530253999866545,battery_400
2017-10-01,waveform,heatwave_dr,73,"{'energy_capacity': 400.0, 'battery_capex': 100000.0}",28.215965097605995,0.0,1.8729912023414492e-05,6.232618817882948e-07,1.891689058795098,0.0,30.107654156401093,30.107654156401093,0.5,0.0,0,0.0,0.0,0.204855854950833,73.38091206920606,0.3522167639783979,0.05051497500971891,8.979266007687337e-05,{'optimal': 96},PASS,True,2.2126511999813374,battery_400
2017-10-01,waveform,heatwave_dr,41,"{'energy_capacity': 400.0, 'battery_capex': 100000.0}",28.216944787423557,0.0,1.8728984603626977e-05,6.234976874813524e-07,1.8916033909871384,0.0,30.108548178410697,30.108548178410697,0.5,0.0,0,0.0,0.0,0.1839102736564493,73.38406966960686,0.3522143200976415,0.0474318250126089,8.969250377599547e-05,{'optimal': 96},PASS,True,2.3627263999951538,battery_400
2017-10-01,full_mean,heatwave_dr,73,"{'energy_capacity': 400.0, 'battery_capex': 100000.0}",28.2159688162865,0.0,1.8729912023414492e-05,6.234263458576103e-07,1.8916939927171774,0.0,30.107662809003678,30.107662809003678,0.5,0.0,0,0.0,0.0,0.05949368562404558,73.38306347449185,0.3522167639783979,0.043795400008093566,8.979266007687337e-05,{'optimal': 96},PASS,True,2.0668940999894403,battery_400
2017-10-01,full_mean,heatwave_dr,41,"{'energy_capacity': 400.0, 'battery_capex': 100000.0}",28.216952019610243,0.0,1.8728984603626977e-05,6.23817557474118e-07,1.8916129870869212,0.0,30.108565006697166,30.108565006697166,0.5,0.0,0,0.0,0.0,0.06368704177570464,73.38825202489537,0.3522143200976415,0.04684340000676457,8.969250377599547e-05,{'optimal': 96},PASS,True,2.1653607999905944,battery_400
2017-01-01,scalar,heatwave_dr,41,{'cooling': 1.2},247.65967128435693,0.006053508465146962,0.00012723289623068937,2.0380827275218307e-07,6.3677590597170335,0.0,254.03348385253912,254.03348385253912,0.5,0.0,0,0.0,0.003026754232573481,1.65738386087042,63.48285081243963,1.2,0.01908992500102613,7.442217309971966e-06,{'optimal': 96},PASS,True,1.321719600004144,cooling_120
2017-01-01,scalar,heatwave_dr,73,{'cooling': 1.2},247.65967128435693,0.006053508465146962,0.00012723289623068937,2.0380827275218307e-07,6.3677590597170335,0.0,254.03348385253912,254.03348385253912,0.5,0.0,0,0.0,0.003026754232573481,1.6666717774942612,63.48285081243963,1.2,0.017824800008384045,7.442217309971966e-06,{'optimal': 96},PASS,True,1.3456921000033617,cooling_120
2017-10-01,full,heatwave_dr,41,"{'energy_capacity': 400.0, 'battery_capex': 100000.0}",28.216951086991617,0.0,1.8728984603626977e-05,6.237763032879552e-07,1.8916117494613363,0.0,30.108562836452954,30.108562836452954,0.5,0.0,0,0.0,0.0,0.5168300556382561,73.38771272985332,0.3522143200976415,0.04717589999927441,8.969250377599547e-05,{'optimal': 96},PASS,True,2.3759003000159282,battery_400
2017-10-01,full,heatwave_dr,73,"{'energy_capacity': 400.0, 'battery_capex': 100000.0}",28.21596984132494,0.0,1.8729912023414492e-05,6.234716844005858e-07,1.8916953528734668,0.0,30.107665194198407,30.107665194198407,0.5,0.0,0,0.0,0.0,0.5196388259411511,73.38365647039225,0.3522167639783979,0.05099999999947613,8.979266007687337e-05,{'optimal': 96},PASS,True,2.405022499995539,battery_400
2017-01-01,waveform,heatwave_dr,41,{'cooling': 1.2},247.65864155139693,0.0014728148061884383,0.00012723289623068937,2.0767249510679162e-07,6.367874986387672,0.0,254.0279893525908,254.0279893525908,0.5,0.0,0,0.0,0.0007364074030942191,1.306281706704985,63.60862668557262,1.2000000000000002,0.021722974997828715,6.8986616303945425e-06,{'optimal': 96},PASS,True,1.5881373999873176,cooling_120
2017-01-01,waveform,heatwave_dr,73,{'cooling': 1.2},247.6590979631015,0.001996565988239496,0.00012723289623068937,2.0740935615688725e-07,6.367867092219175,0.0,254.0289616213089,254.0289616213089,0.5,0.0,0,0.0,0.000998282994119748,1.3147420623850108,63.600902025680305,1.2,0.021752125001512468,6.81963011839315e-06,{'optimal': 96},PASS,True,1.5554767999856267,cooling_120
2017-01-01,full_mean,heatwave_dr,41,{'cooling': 1.2},247.65864155139693,0.0014728148061884383,0.00012723289623068937,2.0767249510679162e-07,6.367874986387672,0.0,254.0279893525908,254.0279893525908,0.5,0.0,0,0.0,0.0007364074030942191,0.9679073937479938,63.60862668557262,1.2000000000000002,0.022262850012339186,6.8986616303945425e-06,{'optimal': 96},PASS,True,1.882819099992048,cooling_120
2017-01-01,full_mean,heatwave_dr,73,{'cooling': 1.2},247.6590979631015,0.001996565988239496,0.00012723289623068937,2.0740935615688725e-07,6.367867092219175,0.0,254.0289616213089,254.0289616213089,0.5,0.0,0,0.0,0.000998282994119748,0.9799485580633558,63.600902025680305,1.2,0.0231869750059559,6.81963011839315e-06,{'optimal': 96},PASS,True,1.829481199994916,cooling_120
2017-01-01,full,heatwave_dr,73,{'cooling': 1.2},247.6590979631015,0.001996565988239496,0.00012723289623068937,2.0740935615688725e-07,6.367867092219175,0.0,254.0289616213089,254.0289616213089,0.5,0.0,0,0.0,0.000998282994119748,0.7763097815035713,63.600902025680305,1.2,0.021848424985364545,6.81963011839315e-06,{'optimal': 96},PASS,True,1.4741979999816976,cooling_120
2017-01-01,full,heatwave_dr,41,{'cooling': 1.2},247.65864155139693,0.0014728148061884383,0.00012723289623068937,2.0767249510679162e-07,6.367874986387672,0.0,254.0279893525908,254.0279893525908,0.5,0.0,0,0.0,0.0007364074030942191,0.7604440868608395,63.60862668557262,1.2000000000000002,0.021838175001903437,6.8986616303945425e-06,{'optimal': 96},PASS,True,1.5663618000107817,cooling_120
2017-04-01,scalar,heatwave_dr,73,{'cooling': 1.2},15.944268585543504,0.0,5.34160937189107e-05,1.4385785800660356e-06,2.7139620433475162,0.0,18.65823062889102,18.65823062889102,0.5,0.0,0,0.0,0.0,1.1128852723028468,83.90453743628267,0.679014157839232,0.0760105500012287,9.190373390874362e-05,{'optimal': 96},PASS,True,3.081601400015643,cooling_120
2017-04-01,scalar,heatwave_dr,41,{'cooling': 1.2},15.956055705968025,0.0,5.336797872606782e-05,1.4331653274230472e-06,2.7113938961260824,0.0,18.667449602094106,18.667449602094106,0.5,0.0,0,0.0,0.0,1.1088581202322074,83.87829533032283,0.6790141578392319,0.08134155000152532,9.166711028005259e-05,{'optimal': 96},PASS,True,3.365597099997103,cooling_120
2017-04-01,waveform,heatwave_dr,41,{'cooling': 1.2},15.974956048488666,0.0,5.3324959609238134e-05,1.426013716675738e-06,2.7090283919621787,0.0,18.683984440450846,18.683984440450846,0.5,0.0,0,0.0,0.0,0.97506250572146,83.83526701062354,0.6791696820651976,0.08364285000425298,9.388766809248494e-05,{'optimal': 96},PASS,True,3.2177792000002228,cooling_120
2017-04-01,waveform,heatwave_dr,73,{'cooling': 1.2},15.975272739944899,0.0,5.3324020682367345e-05,1.4265067896769017e-06,2.7089962378086745,0.0,18.68426897775357,18.68426897775357,0.5,0.0,0,0.0,0.0,0.9747638509624631,83.83814657645797,0.6791494911973541,0.09181352501764195,9.562210369251645e-05,{'optimal': 96},PASS,True,3.2619649000116624,cooling_120
2017-04-01,full_mean,heatwave_dr,41,{'cooling': 1.2},15.975255540078281,0.0,5.332375619151014e-05,1.4259057909677212e-06,2.7089649833045386,0.0,18.68422052338282,18.68422052338282,0.5,0.0,0,0.0,0.0,0.7255978287758557,83.83461706040299,0.6791696820651977,0.08732407500065165,9.562198989446213e-05,{'optimal': 96},PASS,True,3.510612999991281,cooling_120
2017-04-01,full_mean,heatwave_dr,73,{'cooling': 1.2},15.985904640320223,0.0,5.328117231525171e-05,1.4226789171928048e-06,2.70673898327837,0.0,18.69264362359859,18.69264362359859,0.5,0.0,0,0.0,0.0,0.7214594457546212,83.81506635492784,0.6791494911973541,0.09079570000176318,9.836406320049007e-05,{'optimal': 96},PASS,True,3.4664469999843277,cooling_120
2017-04-01,full,heatwave_dr,73,{'cooling': 1.2},15.985853726361624,0.0,5.3281379040982304e-05,1.4226973159871697e-06,2.70674987152873,0.0,18.692603597890354,18.692603597890354,0.5,0.0,0,0.0,0.0,0.6789852816531965,83.81517743387063,0.679149491197354,0.08340642500115791,9.838842734236075e-05,{'optimal': 96},PASS,True,2.9803643000195734,cooling_120
2017-04-01,full,heatwave_dr,41,{'cooling': 1.2},15.974989980684555,0.0,5.332482778794295e-05,1.4260019150443333e-06,2.7090214468484772,0.0,18.684011427533033,18.684011427533033,0.5,0.0,0,0.0,0.0,0.6316648114427769,83.83519581130719,0.6791696820651976,0.08370182500220835,9.388940910515231e-05,{'optimal': 96},PASS,True,3.043296299991198,cooling_120
2017-07-01,waveform,heatwave_dr,73,{'cooling': 1.2},-0.7517717373965844,0.0,2.928562906945938e-05,1.207988409269368e-07,1.4679054187007772,0.0,0.7161336813041927,0.7161336813041927,0.5,0.0,0,0.0,0.0,0.7185614905045786,72.35225737886078,0.39634299393385136,0.07711482499871636,9.042154255448076e-05,{'optimal': 96},PASS,True,2.2134214999969117,cooling_120
2017-07-01,waveform,heatwave_dr,41,{'cooling': 1.2},-0.7527093947788916,0.0,2.9283556596418177e-05,1.2052011794947478e-07,1.4677934333593932,0.0,0.7150840385805015,0.7150840385805015,0.5,0.0,0,0.0,0.0,0.7284665326037247,72.35649439232591,0.3963346012421642,0.0758729500012123,9.031285788718701e-05,{'optimal': 96},PASS,True,2.319592099986039,cooling_120
2017-07-01,scalar,heatwave_dr,41,{'cooling': 1.2},-0.7641527945511806,0.0,2.925910095746502e-05,1.220925958533566e-07,1.4666178257488516,0.0,0.702465031197671,0.702465031197671,0.5,0.0,0,0.0,0.0,0.8243413206882094,72.35267506239146,0.39572255621890423,0.11445169999205973,6.334813405101114e-05,{'optimal': 96},PASS,True,3.3658414999954402,cooling_120
2017-07-01,scalar,heatwave_dr,73,{'cooling': 1.2},-0.7641527926562941,0.0,2.9259100957465016e-05,1.2209260342082632e-07,1.4666178259758755,0.0,0.7024650333195814,0.7024650333195814,0.5,0.0,0,0.0,0.0,0.8134156496375713,72.3526754061169,0.3957225562189041,0.1135356500162743,6.387632900495266e-05,{'optimal': 96},PASS,True,3.3212616000091657,cooling_120
2017-07-01,full_mean,heatwave_dr,73,{'cooling': 1.2},-0.7517718065628811,0.0,2.9285628671621182e-05,1.2079883464796816e-07,1.467905398620498,0.0,0.7161335920576168,0.7161335920576168,0.5,0.0,0,0.0,0.0,0.5279693504448398,72.35225708782757,0.39634296693318577,0.07734854998125229,9.042367926029304e-05,{'optimal': 96},PASS,True,2.6600717999972403,cooling_120
2017-07-01,full_mean,heatwave_dr,41,{'cooling': 1.2},-0.7527094191452455,0.0,2.9283556458065675e-05,1.20520114495325e-07,1.4677934263381436,0.0,0.7150840071928981,0.7150840071928981,0.5,0.0,0,0.0,0.0,0.523219368342067,72.35649423254638,0.39633459185550907,0.09976112500589807,9.031360148697987e-05,{'optimal': 96},PASS,True,2.8002887000038754,cooling_120
2017-07-01,full,heatwave_dr,73,{'cooling': 1.2},-0.7517718017285728,0.0,2.9285628701385733e-05,1.2079883375806767e-07,1.4679054000820289,0.0,0.716133598353456,0.716133598353456,0.5,0.0,0,0.0,0.0,0.6131047072252418,72.35225704725853,0.3963429689532612,0.11251665001327638,9.042351940008464e-05,{'optimal': 96},PASS,True,3.1821846999810077,cooling_120
2017-07-01,full,heatwave_dr,41,{'cooling': 1.2},-0.7527094038486037,0.0,2.9283556546687148e-05,1.2052011546708104e-07,1.4677934307983698,0.0,0.715084026949766,0.715084026949766,0.5,0.0,0,0.0,0.0,0.5914883689250514,72.35649427788915,0.39633459786811637,0.1147421000059694,9.031312517482348e-05,{'optimal': 96},PASS,True,3.399251299997559,cooling_120
2017-10-01,scalar,heatwave_dr,41,{'cooling': 1.2},28.520895451248627,0.0,5.856236516813124e-05,6.344206654646248e-07,2.9471508783705005,0.0,31.468046329619128,31.468046329619128,0.5,0.0,0,0.0,0.0,1.269930944035856,73.79926308678486,0.6939711619265421,0.041820350001216866,9.187151529399529e-05,{'optimal': 96},PASS,True,2.0203016999876127,cooling_120
2017-10-01,scalar,heatwave_dr,73,{'cooling': 1.2},28.52089550811712,0.0,5.8562366470330535e-05,6.344230155484088e-07,2.947151013982979,0.0,31.4680465221001,31.4680465221001,0.5,0.0,0,0.0,0.0,1.2501901121851058,73.79929469151548,0.6939711619265421,0.042130549998546485,9.187151529399529e-05,{'optimal': 96},PASS,True,2.0199594000005163,cooling_120
2017-10-01,waveform,heatwave_dr,41,{'cooling': 1.2},28.522209124099362,0.0,5.8551343048394754e-05,6.330337598092018e-07,2.9465581652140136,0.0,31.468767289313377,31.468767289313377,0.5,0.0,0,0.0,0.0,1.0089363343369013,73.80401881604688,0.69401342243839,0.05900622501212638,8.841421203564792e-05,{'optimal': 96},PASS,True,2.672187299991492,cooling_120
2017-10-01,waveform,heatwave_dr,73,{'cooling': 1.2},28.517352912952,0.0,5.857306203947797e-05,6.325192035127873e-07,2.947628678079282,0.0,31.464981591031282,31.464981591031282,0.5,0.0,0,0.0,0.0,0.98526111433773,73.80061702810512,0.6941471563930917,0.06062229999952251,8.855923507589125e-05,{'optimal': 96},PASS,True,2.7084365999908186,cooling_120
2017-10-01,full_mean,heatwave_dr,73,{'cooling': 1.2},28.517353904421157,0.0,5.8573084734330565e-05,6.325601873067287e-07,2.94763104233573,0.0,31.464984946756886,31.464984946756886,0.5,0.0,0,0.0,0.0,0.7403247695701969,73.80116852449831,0.6941471563930918,0.04480299998976989,8.855330541024387e-05,{'optimal': 96},PASS,True,2.1606660000106785,cooling_120
2017-10-01,full_mean,heatwave_dr,41,{'cooling': 1.2},28.52221337595006,0.0,5.85514403765916e-05,6.332098223548062e-07,2.9465683135002245,0.0,31.468781689450285,31.468781689450285,0.5,0.0,0,0.0,0.0,0.7417822094995363,73.8063850301313,0.69401342243839,0.04485752499749651,8.838879407280231e-05,{'optimal': 96},PASS,True,2.2084723000007216,cooling_120
2017-01-01,scalar,heatwave_dr,41,{'ir_bias': -2.0},247.65967128435693,0.006053508465146962,0.00012723289623068937,1.0973337715123311e-07,6.364936812849005,0.0,254.0306616056711,254.0306616056711,0.5,0.0,0,0.0,0.003026754232573481,0.573270037873293,58.598763016753196,1.2,0.020714049991511274,7.442217309971966e-06,{'optimal': 96},PASS,True,1.3006576000188943,IR_bias_minus_2
2017-10-01,full,heatwave_dr,41,{'cooling': 1.2},28.522212942014146,0.0,5.8551430443812954e-05,6.33191851987114e-07,2.946567277750261,0.0,31.468780219764408,31.468780219764408,0.5,0.0,0,0.0,0.0,0.663958160957532,73.8061435443299,0.6940134224383899,0.04080147499917075,8.839138791305601e-05,{'optimal': 96},PASS,True,1.844237899989821,cooling_120
2017-01-01,scalar,heatwave_dr,73,{'ir_bias': -2.0},247.65967128435693,0.006053508465146962,0.00012723289623068937,1.0973337715123311e-07,6.364936812849005,0.0,254.0306616056711,254.0306616056711,0.5,0.0,0,0.0,0.003026754232573481,0.6167940075359144,58.598763016753196,1.2,0.02268010000261711,7.442217309971966e-06,{'optimal': 96},PASS,True,1.8097965000197291,IR_bias_minus_2
2017-10-01,full,heatwave_dr,73,{'cooling': 1.2},28.51735528908439,0.0,5.857311642874247e-05,6.326174278168222e-07,2.9476343442716284,0.0,31.464989633356016,31.464989633356016,0.5,0.0,0,0.0,0.0,0.6969841236688546,73.80193872075765,0.6941471563930918,0.05994942498364253,8.854502470745373e-05,{'optimal': 96},PASS,True,2.6668425999814644,cooling_120
2017-01-01,waveform,heatwave_dr,41,{'ir_bias': -2.0},247.65864155139693,0.0014728148061884383,0.00012723289623068937,1.1186102388178253e-07,6.365000642250922,0.0,254.02511500845404,254.02511500845404,0.5,0.0,0,0.0,0.0007364074030942191,0.18598215701758367,58.714278739195464,1.2000000000000002,0.021149324988073204,6.8986616303945425e-06,{'optimal': 96},PASS,True,1.4085857000027318,IR_bias_minus_2
2017-01-01,full_mean,heatwave_dr,41,{'ir_bias': -2.0},247.65864155139693,0.0014728148061884383,0.00012723289623068937,1.1186102388178253e-07,6.365000642250922,0.0,254.02511500845404,254.02511500845404,0.5,0.0,0,0.0,0.0007364074030942191,1.1592272701326651,58.714278739195464,1.2000000000000002,0.021870775002753362,6.8986616303945425e-06,{'optimal': 96},PASS,True,1.5738864000013564,IR_bias_minus_2
2017-01-01,waveform,heatwave_dr,73,{'ir_bias': -2.0},247.6590979631015,0.001996565988239496,0.00012723289623068937,1.1170584749045739e-07,6.3649959869591815,0.0,254.0260905160489,254.0260905160489,0.5,0.0,0,0.0,0.000998282994119748,0.20529002820681563,58.70667234701428,1.2,0.021860524990188424,6.81963011839315e-06,{'optimal': 96},PASS,True,1.870122899999842,IR_bias_minus_2
2017-01-01,full,heatwave_dr,41,{'ir_bias': -2.0},247.65864155139693,0.0014728148061884383,0.00012723289623068937,1.1186102388178253e-07,6.365000642250922,0.0,254.02511500845404,254.02511500845404,0.5,0.0,0,0.0,0.0007364074030942191,1.6163553796438124,58.714278739195464,1.2000000000000002,0.02071290000458248,6.8986616303945425e-06,{'optimal': 96},PASS,True,1.521788900019601,IR_bias_minus_2
2017-01-01,full_mean,heatwave_dr,73,{'ir_bias': -2.0},247.6590979631015,0.001996565988239496,0.00012723289623068937,1.1170584749045739e-07,6.3649959869591815,0.0,254.0260905160489,254.0260905160489,0.5,0.0,0,0.0,0.000998282994119748,1.1642033501561335,58.70667234701428,1.2,0.022329350002110004,6.81963011839315e-06,{'optimal': 96},PASS,True,1.9069802000012714,IR_bias_minus_2
2017-01-01,full,heatwave_dr,73,{'ir_bias': -2.0},247.6590979631015,0.001996565988239496,0.00012723289623068937,1.1170584749045739e-07,6.3649959869591815,0.0,254.0260905160489,254.0260905160489,0.5,0.0,0,0.0,0.000998282994119748,1.6953848675816603,58.70667234701428,1.2,0.02081954998720903,6.81963011839315e-06,{'optimal': 96},PASS,True,1.3817934000107925,IR_bias_minus_2
2017-04-01,scalar,heatwave_dr,41,{'ir_bias': -2.0},15.932760778312854,0.0,5.346312307288687e-05,8.685208778484749e-07,2.6992117799797977,0.0,18.631972558292652,18.631972558292652,0.5,0.0,0,0.0,0.0,0.27381492972415283,79.11565989081069,0.6790141578392318,0.08495414999924833,9.960527548696918e-05,{'optimal': 96},PASS,True,3.326174300018465,IR_bias_minus_2
2017-04-01,scalar,heatwave_dr,73,{'ir_bias': -2.0},15.934003215039356,0.0,5.345803949661514e-05,8.683224298930228e-07,2.6989516477275477,0.0,18.632954862766905,18.632954862766905,0.5,0.0,0,0.0,0.0,0.29554836379657595,79.11383870174933,0.6790141578392319,0.07048519999807468,9.867349236264422e-05,{'optimal': 96},PASS,True,2.671638100000564,IR_bias_minus_2
2017-04-01,waveform,heatwave_dr,73,{'ir_bias': -2.0},15.977147668147703,0.0,5.3316475833791066e-05,8.611737628405143e-07,2.691659004574769,0.0,18.66880667272247,18.66880667272247,0.5,0.0,0,0.0,0.0,0.20177438941817394,79.05058230401283,0.6791494911973541,0.07213767499342794,9.561009254757669e-05,{'optimal': 96},PASS,True,2.908268200000748,IR_bias_minus_2
2017-04-01,waveform,heatwave_dr,41,{'ir_bias': -2.0},15.97684175745741,0.0,5.331737076644923e-05,8.608366825689461e-07,2.6916936387995296,0.0,18.668535396256942,18.668535396256942,0.5,0.0,0,0.0,0.0,0.18141874709390163,79.04753882522385,0.6791696820651977,0.09421232501335908,9.39879180088532e-05,{'optimal': 96},PASS,True,3.588387399999192,IR_bias_minus_2
2017-04-01,full_mean,heatwave_dr,41,{'ir_bias': -2.0},15.977256496411663,0.0,5.33157454840685e-05,8.607755052005986e-07,2.6916105393594427,0.0,18.668867035771104,18.668867035771104,0.5,0.0,0,0.0,0.0,1.1577052601306528,79.04696705706915,0.6791696820651976,0.06859017500391928,9.560877705155901e-05,{'optimal': 96},PASS,True,2.9103515000024345,IR_bias_minus_2
2017-04-01,full_mean,heatwave_dr,73,{'ir_bias': -2.0},15.97240345201143,0.0,5.3335676968938735e-05,8.619004630998232e-07,2.6926408623399314,0.0,18.665044314351363,18.665044314351363,0.5,0.0,0,0.0,0.0,1.1583781240696545,79.05734338833928,0.6791494911973541,0.08856035000644624,9.137159946778772e-05,{'optimal': 96},PASS,True,3.337186599994311,IR_bias_minus_2
2017-04-01,full,heatwave_dr,41,{'ir_bias': -2.0},16.004726479227934,0.0,5.3205415341499606e-05,8.566585835472552e-07,2.6859705245813976,0.0,18.69069700380933,18.69069700380933,0.5,0.0,0,0.0,0.0,1.6158589676294213,79.00840424094218,0.6791696820651976,0.05895299999247072,9.547197329284884e-05,{'optimal': 96},PASS,True,2.6205308999924455,IR_bias_minus_2
2017-04-01,full,heatwave_dr,73,{'ir_bias': -2.0},15.965787123767461,0.0,5.336244472672695e-05,8.629180043849976e-07,2.694009776467898,0.0,18.65979690023536,18.65979690023536,0.5,0.0,0,0.0,0.0,1.6934658628969053,79.0667934721669,0.6791494911973541,0.08598577500379179,9.268299432654836e-05,{'optimal': 96},PASS,True,3.5048856000066735,IR_bias_minus_2
2017-07-01,scalar,heatwave_dr,41,{'ir_bias': -2.0},-0.7633657569118308,0.0,2.9259100957465016e-05,8.44229373631177e-08,1.4654877359941443,0.0,0.7021219790823134,0.7021219790823134,0.5,0.0,0,0.0,0.0,0.2723233433685922,69.64576852016738,0.3957225562189041,0.11229647501022555,6.387069549720903e-05,{'optimal': 96},PASS,True,3.278228200011654,IR_bias_minus_2
2017-07-01,scalar,heatwave_dr,73,{'ir_bias': -2.0},-0.7633657550169455,0.0,2.925910095746502e-05,8.442294205466356e-08,1.4654877361348908,0.0,0.7021219811179453,0.7021219811179453,0.5,0.0,0,0.0,0.0,0.28884153717264716,69.64576881102457,0.39572255621890423,0.08665940001810668,6.333281916490185e-05,{'optimal': 96},PASS,True,2.791607999999542,IR_bias_minus_2
2017-07-01,waveform,heatwave_dr,41,{'ir_bias': -2.0},-0.7527092557541448,0.0,2.9283557457167298e-05,8.447783054862926e-08,1.4667122077748238,0.0,0.714002952020679,0.714002952020679,0.5,0.0,0,0.0,0.0,0.18165496377603532,69.6475341126866,0.39633465964039977,0.09533794999151723,9.030823171835012e-05,{'optimal': 96},PASS,True,2.761938800016651,IR_bias_minus_2
2017-07-01,waveform,heatwave_dr,73,{'ir_bias': -2.0},-0.7517896496472045,0.0,2.928552490814229e-05,8.468854376453609e-08,1.4668169017200505,0.0,0.715027252072846,0.715027252072846,0.5,0.0,0,0.0,0.0,0.20128652690275783,69.64304888684052,0.39633592347571106,0.10816185000294354,9.139142014022439e-05,{'optimal': 96},PASS,True,3.133833699976094,IR_bias_minus_2
2017-07-01,full_mean,heatwave_dr,73,{'ir_bias': -2.0},-0.7517894175243325,0.0,2.92855263632769e-05,8.46885025165497e-08,1.4668169732393415,0.0,0.715027555715009,0.715027555715009,0.5,0.0,0,0.0,0.0,1.158417659485843,69.64304634796038,0.39633602226654135,0.08870282499265159,9.13835378325567e-05,{'optimal': 96},PASS,True,2.418044300022302,IR_bias_minus_2
2017-07-01,full_mean,heatwave_dr,41,{'ir_bias': -2.0},-0.7527089861027441,0.0,2.9283559130272807e-05,8.447779049451438e-08,1.4667122902284757,0.0,0.7140033041257317,0.7140033041257317,0.5,0.0,0,0.0,0.0,1.1579091529394958,69.64753164434352,0.3963347731531603,0.10115632501401706,9.029923985298671e-05,{'optimal': 96},PASS,True,2.68875550001394,IR_bias_minus_2
2017-07-01,full,heatwave_dr,41,{'ir_bias': -2.0},-0.7527310632614634,0.0,2.9283430648656178e-05,8.447744879183233e-08,1.4667058558965638,0.0,0.7139747926351003,0.7139747926351003,0.5,0.0,0,0.0,0.0,1.6159464640213177,69.64750934242038,0.39632605445546826,0.1126648250137805,9.128402403763003e-05,{'optimal': 96},PASS,True,3.1735254999948665,IR_bias_minus_2
2017-10-01,scalar,heatwave_dr,41,{'ir_bias': -2.0},28.52091123731293,0.0,5.856272659171909e-05,4.914988407511031e-07,2.9428812948084873,0.0,31.463792532121417,31.463792532121417,0.5,0.0,0,0.0,0.0,0.49568015622231354,71.54161041247283,0.6939711619265421,0.04296885000076145,9.187151529399529e-05,{'optimal': 96},PASS,True,2.099607099982677,IR_bias_minus_2
2017-10-01,scalar,heatwave_dr,73,{'ir_bias': -2.0},28.52091129419909,0.0,5.856272789394167e-05,4.915007284666503e-07,2.942881416551083,0.0,31.463792710750173,31.463792710750173,0.5,0.0,0,0.0,0.0,0.4986227828959433,71.54164092437829,0.6939711619265421,0.044900675005919766,9.187151529399529e-05,{'optimal': 96},PASS,True,2.0670093999942765,IR_bias_minus_2
2017-07-01,full,heatwave_dr,73,{'ir_bias': -2.0},-0.7517894258666462,0.0,2.928552631225975e-05,8.46885034513982e-08,1.4668169707165293,0.0,0.7150275448498831,0.7150275448498831,0.5,0.0,0,0.0,0.0,1.6932526353918658,69.64304640534483,0.39633601880293384,0.11420762499619741,9.138381418025143e-05,{'optimal': 96},PASS,True,3.1598774999729358,IR_bias_minus_2
2017-10-01,waveform,heatwave_dr,41,{'ir_bias': -2.0},28.522224895275663,0.0,5.855170402416686e-05,4.90833077591827e-07,2.942310193536098,0.0,31.46453508881176,31.46453508881176,0.5,0.0,0,0.0,0.0,0.18401902504627013,71.54596943405227,0.69401342243839,0.05938112500007264,8.831996001967823e-05,{'optimal': 96},PASS,True,2.4430846000032034,IR_bias_minus_2
2017-10-01,waveform,heatwave_dr,73,{'ir_bias': -2.0},28.51736869367253,0.0,5.857342321232574e-05,4.905420828709559e-07,2.9433874231024157,0.0,31.460756116774945,31.460756116774945,0.5,0.0,0,0.0,0.0,0.20428733493621246,71.54256800625306,0.6941471563930918,0.04200860000128159,8.846489345915032e-05,{'optimal': 96},PASS,True,2.1134631000168156,IR_bias_minus_2
2017-10-01,full_mean,heatwave_dr,41,{'ir_bias': -2.0},28.522260096392493,0.0,5.855250933561195e-05,4.920044589808322e-07,2.942385600550022,0.0,31.464645696942515,31.464645696942515,0.5,0.0,0,0.0,0.0,1.1602200224965,71.56487255333566,0.69401342243839,0.059140650009794626,8.810988202734293e-05,{'optimal': 96},PASS,True,2.6910287000064272,IR_bias_minus_2
2017-10-01,full_mean,heatwave_dr,73,{'ir_bias': -2.0},28.517400644675057,0.0,5.8574154148753385e-05,4.916038964513375e-07,2.9434558243312092,0.0,31.460856469006266,31.460856469006266,0.5,0.0,0,0.0,0.0,1.1576083003418907,71.55971741669049,0.6941471563930917,0.0607235499919625,8.827412896161846e-05,{'optimal': 96},PASS,True,2.76233259998844,IR_bias_minus_2
2017-10-01,full,heatwave_dr,41,{'ir_bias': -2.0},28.522258440162837,0.0,5.855247145716777e-05,4.919492979156269e-07,2.942382051795857,0.0,31.464640491958694,31.464640491958694,0.5,0.0,0,0.0,0.0,1.617295397195494,71.56398333239893,0.69401342243839,0.04677754999283934,8.81197572790704e-05,{'optimal': 96},PASS,True,2.0182522000104655,IR_bias_minus_2
2017-10-01,full,heatwave_dr,73,{'ir_bias': -2.0},28.517400808210926,0.0,5.8574157888810355e-05,4.916093356032313e-07,2.943456174508615,0.0,31.46085698271954,31.46085698271954,0.5,0.0,0,0.0,0.0,1.692783343940992,71.55980517610524,0.6941471563930917,0.04786349998903461,8.82731534175285e-05,{'optimal': 96},PASS,True,2.357481600018218,IR_bias_minus_2
2017-01-01,scalar,heatwave_dr,41,{'rho': 0.0},247.74627227920286,0.0024765897616561006,0.0001322451202441152,9.496744678120399e-08,6.615105035609195,0.0,254.36385390457372,254.36385390457372,0.5,0.0,0,0.0,0.0012382948808280503,0.5794692750516868,58.761845767461956,1.2326697823306232,0.059727524989284575,9.274401482284311e-05,{'optimal': 96},PASS,True,2.1413848999945913,radius_zero
2017-01-01,waveform,heatwave_dr,41,{'rho': 0.0},247.7427319922771,0.0014728148061884383,0.0001322451202441152,9.438777978550924e-08,6.615087645599325,0.0,254.3592924526826,254.3592924526826,0.5,0.0,0,0.0,0.0007364074030942191,0.18606479507929394,58.715447804257714,1.2326697823306232,0.06314080000447575,9.248880003598359e-05,{'optimal': 96},PASS,True,2.1193760000169277,radius_zero
2017-01-01,scalar,heatwave_dr,73,{'rho': 0.0},247.74628616647578,0.0024765897616561006,0.0001322451202441152,9.496583907435012e-08,6.61510498737799,0.0,254.36386774361546,254.36386774361546,0.5,0.0,0,0.0,0.0012382948808280503,0.6261253914118051,58.761845767431204,1.2326697823306234,0.06919265000760788,9.267361284281961e-05,{'optimal': 96},PASS,True,2.340570400003344,radius_zero
2017-01-01,waveform,heatwave_dr,73,{'rho': 0.0},247.74474789762138,0.0012417835225591034,0.0001322451202441152,9.639084237750227e-08,6.615147737477084,0.0,254.36113741862104,254.36113741862104,0.5,0.0,0,0.0,0.0006208917612795517,0.20509801544420456,58.853670496014644,1.2326697823306232,0.06940607501746854,9.24515603020204e-05,{'optimal': 96},PASS,True,2.328316500002984,radius_zero
2017-01-01,full_mean,heatwave_dr,41,{'rho': 0.0},247.74272830417766,0.0014728148061884383,0.0001322451202441152,9.438489898149638e-08,6.615087559175205,0.0,254.35928867815906,254.35928867815906,0.5,0.0,0,0.0,0.0007364074030942191,0.0776577754501478,58.71544780428902,1.2326697823306234,0.05382902501150966,9.293558575618199e-05,{'optimal': 96},PASS,True,1.9542753999994602,radius_zero
2017-01-01,full_mean,heatwave_dr,73,{'rho': 0.0},247.7447479732738,0.0012417835225591034,0.0001322451202441152,9.639086187928511e-08,6.615147738062138,0.0,254.3611374948585,254.3611374948585,0.5,0.0,0,0.0,0.0006208917612795517,0.06473448261252873,58.853670496017244,1.2326697823306232,0.06067547500424553,9.245685295566908e-05,{'optimal': 96},PASS,True,1.844798100006301,radius_zero
2017-01-01,full,heatwave_dr,41,{'rho': 0.0},247.7426770904849,0.0014728148061884383,0.0001322451202441152,9.440925412019255e-08,6.615088289829365,0.0,254.35923819512047,254.35923819512047,0.5,0.0,0,0.0,0.0007364074030942191,0.5168937437078394,58.71544780475256,1.2326697823306232,0.07850962498923764,6.482936303697784e-05,{'optimal': 96},PASS,True,2.372953999991296,radius_zero
2017-01-01,full,heatwave_dr,73,{'rho': 0.0},247.74474765692187,0.0012417835225591034,0.0001322451202441152,9.639090089789313e-08,6.615147739232696,0.0,254.36113717967712,254.36113717967712,0.5,0.0,0,0.0,0.0006208917612795517,0.5171599037384178,58.8536704960191,1.2326697823306234,0.05577564999839524,9.278820254632336e-05,{'optimal': 96},PASS,True,1.962288400012767,radius_zero
2017-04-01,scalar,heatwave_dr,73,{'rho': 0.0},14.329787090381089,0.0,5.86804153043242e-05,7.435459518820803e-07,2.956327143772673,0.0,17.28611423415376,17.28611423415376,0.5,0.0,0,0.0,0.0,0.30109063927239144,78.143509989677,0.7068171959756713,0.048684749999665655,8.085488062170576e-05,{'optimal': 96},PASS,True,2.196407999988878,radius_zero
2017-04-01,scalar,heatwave_dr,41,{'rho': 0.0},14.329787090381089,0.0,5.86804153043242e-05,7.435459518820803e-07,2.956327143772673,0.0,17.28611423415376,17.28611423415376,0.5,0.0,0,0.0,0.0,0.27361790850318196,78.143509989677,0.7068171959756713,0.06045550000999356,8.085488062170576e-05,{'optimal': 96},PASS,True,2.6031967000162695,radius_zero
2017-04-01,waveform,heatwave_dr,41,{'rho': 0.0},14.333807271770281,0.0,5.867328084836955e-05,7.418960381442425e-07,2.955920923562805,0.0,17.289728195333087,17.289728195333087,0.5,0.0,0,0.0,0.0,0.18124959365066304,78.12905612000624,0.7070575361826711,0.06102282498613931,8.24308124003359e-05,{'optimal': 96},PASS,True,2.602190600009635,radius_zero
2017-04-01,waveform,heatwave_dr,73,{'rho': 0.0},14.333865618076883,0.0,5.867119953841045e-05,7.422390787951623e-07,2.9558271492843775,0.0,17.28969276736126,17.28969276736126,0.5,0.0,0,0.0,0.0,0.2011946717005675,78.13249306444528,0.7070146053992623,0.044799774994316977,8.261922483798756e-05,{'optimal': 96},PASS,True,1.9390084999904502,radius_zero
2017-04-01,full_mean,heatwave_dr,41,{'rho': 0.0},14.333807271770281,0.0,5.867328084836955e-05,7.418960381442425e-07,2.955920923562805,0.0,17.289728195333087,17.289728195333087,0.5,0.0,0,0.0,0.0,0.05858707862372051,78.12905612000624,0.7070575361826711,0.046061724999162834,8.24308124003359e-05,{'optimal': 96},PASS,True,1.9373811000259593,radius_zero
2017-04-01,full_mean,heatwave_dr,73,{'rho': 0.0},14.333865618076883,0.0,5.867119953841045e-05,7.422390787951623e-07,2.9558271492843775,0.0,17.28969276736126,17.28969276736126,0.5,0.0,0,0.0,0.0,0.0586384230730593,78.13249306444528,0.7070146053992623,0.05719372500607278,8.261922483798756e-05,{'optimal': 96},PASS,True,2.412685600022087,radius_zero
2017-04-01,full,heatwave_dr,41,{'rho': 0.0},14.333807271770281,0.0,5.867328084836955e-05,7.418960381442425e-07,2.955920923562805,0.0,17.289728195333087,17.289728195333087,0.5,0.0,0,0.0,0.0,0.5161250790677387,78.12905612000624,0.7070575361826711,0.06350427498546196,8.24308124003359e-05,{'optimal': 96},PASS,True,2.6208400999894366,radius_zero
2017-04-01,full,heatwave_dr,73,{'rho': 0.0},14.333865618076883,0.0,5.867119953841045e-05,7.422390787951623e-07,2.9558271492843775,0.0,17.28969276736126,17.28969276736126,0.5,0.0,0,0.0,0.0,0.5204229398304093,78.13249306444528,0.7070146053992623,0.05953664999833563,8.261922483798756e-05,{'optimal': 96},PASS,True,2.5617069999861997,radius_zero
2017-07-01,scalar,heatwave_dr,41,{'rho': 0.0},-1.9581678972875056,0.0,3.025628788856223e-05,2.7660553149125034e-07,1.5211125603728488,0.0,-0.4370553369146568,-0.4370553369146568,0.5,0.0,0,0.0,0.0,0.42534872267831825,76.58555934978314,0.4341883385222609,0.0910690250020707,7.826795720364266e-05,{'optimal': 96},PASS,True,2.80621940002311,radius_zero
2017-07-01,scalar,heatwave_dr,73,{'rho': 0.0},-1.9581678972875056,0.0,3.025628788856223e-05,2.7660553149125034e-07,1.5211125603728488,0.0,-0.4370553369146568,-0.4370553369146568,0.5,0.0,0,0.0,0.0,0.4389227127982189,76.58555934978314,0.4341883385222609,0.10265602498839144,7.826795720364266e-05,{'optimal': 96},PASS,True,2.7195676999981515,radius_zero
2017-07-01,waveform,heatwave_dr,73,{'rho': 0.0},-1.9526282776731567,0.0,3.027516142646098e-05,2.8115785190332405e-07,1.522192806880149,0.0,-0.4304354707930078,-0.4304354707930078,0.5,0.0,0,0.0,0.0,0.20145545368754172,76.69453397027894,0.43431892987570925,0.0899632250002469,7.76642300232e-05,{'optimal': 96},PASS,True,2.536335600016173,radius_zero
2017-07-01,waveform,heatwave_dr,41,{'rho': 0.0},-1.9525921163307114,0.0,3.0273009388869337e-05,2.811761726860178e-07,1.5220857546240474,0.0,-0.430506361706664,-0.430506361706664,0.5,0.0,0,0.0,0.0,0.18063212994859124,76.69381597683572,0.43430422791447076,0.09316427500743885,7.760029190923001e-05,{'optimal': 96},PASS,True,2.8895048999984283,radius_zero
2017-07-01,full_mean,heatwave_dr,41,{'rho': 0.0},-1.9525921163307114,0.0,3.0273009388869337e-05,2.811761726860178e-07,1.5220857546240474,0.0,-0.430506361706664,-0.430506361706664,0.5,0.0,0,0.0,0.0,0.05754934151355456,76.69381597683572,0.43430422791447076,0.07010079998872243,7.760029190923001e-05,{'optimal': 96},PASS,True,2.31303050002316,radius_zero
2017-07-01,full_mean,heatwave_dr,73,{'rho': 0.0},-1.9543537259812247,0.0,3.027516142646098e-05,2.7882734956693724e-07,1.5221228918100573,0.0,-0.43223083417116737,-0.43223083417116737,0.5,0.0,0,0.0,0.0,0.053137023202728596,76.69453397027894,0.43431892987570925,0.09109975000319537,7.76642300232e-05,{'optimal': 96},PASS,True,2.7109648999758065,radius_zero
2017-07-01,full,heatwave_dr,41,{'rho': 0.0},-1.9525921163307114,0.0,3.0273009388869337e-05,2.811761726860178e-07,1.5220857546240474,0.0,-0.430506361706664,-0.430506361706664,0.5,0.0,0,0.0,0.0,0.5165799711167567,76.69381597683572,0.43430422791447076,0.08453707499575103,7.760029190923001e-05,{'optimal': 96},PASS,True,2.5947076000156812,radius_zero
2017-10-01,scalar,heatwave_dr,41,{'rho': 0.0},27.321714167772587,0.0,6.29568238852805e-05,5.5485942403828e-07,3.1644869769851733,0.0,30.48620114475776,30.48620114475776,0.5,0.0,0,0.0,0.0,0.49913409000645564,73.0525056053487,0.8515609300032637,0.053763149997394066,6.04957286403085e-05,{'optimal': 96},PASS,True,2.1680362000188325,radius_zero
2017-07-01,full,heatwave_dr,73,{'rho': 0.0},-1.9526282776731567,0.0,3.027516142646098e-05,2.8115785190332405e-07,1.522192806880149,0.0,-0.4304354707930078,-0.4304354707930078,0.5,0.0,0,0.0,0.0,0.5193916797955551,76.69453397027894,0.43431892987570925,0.09255994998238748,7.76642300232e-05,{'optimal': 96},PASS,True,2.803247799980454,radius_zero
2017-10-01,scalar,heatwave_dr,73,{'rho': 0.0},27.32177246413095,0.0,6.295891787443038e-05,5.566534923632947e-07,3.1646454984924177,0.0,30.48641796262337,30.48641796262337,0.5,0.0,0,0.0,0.0,0.4975604355319305,73.0782420978314,0.8515609300032636,0.05968489999213489,6.875981122034247e-05,{'optimal': 96},PASS,True,2.298210899985861,radius_zero
2017-10-01,waveform,heatwave_dr,41,{'rho': 0.0},27.334009347521636,0.0,6.316223405765174e-05,7.454074673612988e-07,3.1804739269034257,0.0,30.51448327442506,30.51448327442506,0.5,0.0,0,0.0,0.0,0.18283029356090227,75.44847305887455,0.8519420656705733,0.0519435500173131,4.1160032084816844e-05,{'optimal': 96},PASS,True,1.9593634999764618,radius_zero
2017-10-01,waveform,heatwave_dr,73,{'rho': 0.0},27.32994909912089,0.0,6.301494353746634e-05,5.952608748961517e-07,3.1686050031202018,0.0,30.49855410224109,30.49855410224109,0.5,0.0,0,0.0,0.0,0.2021887653079999,73.62704428123898,0.8519370406944675,0.05458622500736965,7.873712532546762e-05,{'optimal': 96},PASS,True,1.909116399998311,radius_zero
2017-10-01,full_mean,heatwave_dr,41,{'rho': 0.0},27.330330839663414,0.0,6.303039471962967e-05,6.090089956143548e-07,3.169790005849914,0.0,30.50012084551333,30.50012084551333,0.5,0.0,0,0.0,0.0,0.06176035103785878,73.81015607430629,0.8519420656705734,0.06036774999665795,6.350743504457412e-05,{'optimal': 96},PASS,True,2.343171299988171,radius_zero
2017-10-01,full_mean,heatwave_dr,73,{'rho': 0.0},27.33008506328568,0.0,6.301976247807738e-05,5.997100369700175e-07,3.1689794250129695,0.0,30.49906448829865,30.49906448829865,0.5,0.0,0,0.0,0.0,0.056863426827492326,73.68670497606831,0.8519370406944675,0.060255374999542255,7.35900650217225e-05,{'optimal': 96},PASS,True,2.343448800005717,radius_zero
2017-10-01,full,heatwave_dr,41,{'rho': 0.0},27.330345023865128,0.0,6.303089514459232e-05,6.094795351964817e-07,3.16982914328551,0.0,30.50017416715064,30.50017416715064,0.5,0.0,0,0.0,0.0,0.5170860174358122,73.81635497265536,0.8519420656705735,0.05980669999553356,6.302125263646374e-05,{'optimal': 96},PASS,True,2.0228354000137188,radius_zero
2017-10-01,full,heatwave_dr,73,{'rho': 0.0},27.330081038850885,0.0,6.301961996116434e-05,5.995780081517894e-07,3.1689683383027707,0.0,30.499049377153657,30.499049377153657,0.5,0.0,0,0.0,0.0,0.5195437468408564,73.68494034608074,0.8519370406944675,0.057426324994594324,7.373973342472695e-05,{'optimal': 96},PASS,True,2.0052752000046894,radius_zero
2017-01-01,scalar,heatwave_dr,41,{'rho': 0.09088954957539638},247.2038389313467,0.008530098226803062,0.00010725430333722127,8.107565634915674e-08,5.365147436551538,0.0,252.57751646612502,252.57751646612502,0.5,0.0,0,0.0,0.004265049113401531,0.5407686534833014,57.898767435515445,1.0437628219436506,0.048306175020115916,9.994628947071482e-05,{'optimal': 96},PASS,True,2.607059699977981,radius_double
2017-01-01,waveform,heatwave_dr,41,{'rho': 0.09088954957539638},247.20263639491253,0.0014728148061884383,0.00010728096506802216,8.313210361652091e-08,5.366542216509604,0.0,252.57065142622832,252.57065142622832,0.5,0.0,0,0.0,0.0007364074030942191,0.1858986962531641,57.95318025773997,1.0440154932505379,0.046164774990756996,9.994628947071482e-05,{'optimal': 96},PASS,True,2.091538300010143,radius_double
2017-01-01,scalar,heatwave_dr,73,{'rho': 0.09088954957539638},247.2038389313467,0.008530098226803062,0.00010725430333722127,8.107565634915674e-08,5.365147436551538,0.0,252.57751646612502,252.57751646612502,0.5,0.0,0,0.0,0.004265049113401531,0.6036205580163394,57.898767435515445,1.0437628219436506,0.047243700006220024,9.994628947071482e-05,{'optimal': 96},PASS,True,2.4776444000017364,radius_double
2017-01-01,waveform,heatwave_dr,73,{'rho': 0.09088954957539638},247.2057388882686,0.003238349510802152,0.00010729562441169761,8.284442465760119e-08,5.367266553324609,0.0,252.57624379110402,252.57624379110402,0.5,0.0,0,0.0,0.001619174755401076,0.20861016351516137,58.021981620322066,1.0441543407927072,0.047886425018077716,9.994628947071482e-05,{'optimal': 96},PASS,True,2.1786693000176456,radius_double
2017-01-01,full_mean,heatwave_dr,41,{'rho': 0.09088954957539638},247.20263639491253,0.0014728148061884383,0.00010728096506802216,8.313210361652091e-08,5.366542216509604,0.0,252.57065142622832,252.57065142622832,0.5,0.0,0,0.0,0.0007364074030942191,0.07799088820200636,57.95318025773997,1.0440154932505379,0.0466511749982601,9.994628947071482e-05,{'optimal': 96},PASS,True,2.451925500005018,radius_double
2017-01-01,full_mean,heatwave_dr,73,{'rho': 0.09088954957539638},247.2057388882686,0.003238349510802152,0.00010729562441169761,8.284442465760119e-08,5.367266553324609,0.0,252.57624379110402,252.57624379110402,0.5,0.0,0,0.0,0.001619174755401076,0.06578484371393858,58.021981620322066,1.0441543407927072,0.04128859999036649,9.994628947071482e-05,{'optimal': 96},PASS,True,2.18561210000189,radius_double
2017-01-01,full,heatwave_dr,41,{'rho': 0.09088954957539638},247.20263639491253,0.0014728148061884383,0.00010728096506802216,8.313210361652091e-08,5.366542216509604,0.0,252.57065142622832,252.57065142622832,0.5,0.0,0,0.0,0.0007364074030942191,0.5151481642942694,57.95318025773997,1.0440154932505379,0.04861337500915397,9.994628947071482e-05,{'optimal': 96},PASS,True,2.2536066000175197,radius_double
2017-01-01,full,heatwave_dr,73,{'rho': 0.09088954957539638},247.2057388882686,0.003238349510802152,0.00010729562441169761,8.284442465760119e-08,5.367266553324609,0.0,252.57624379110402,252.57624379110402,0.5,0.0,0,0.0,0.001619174755401076,0.5177457725448216,58.021981620322066,1.0441543407927072,0.042870475015661214,9.994628947071482e-05,{'optimal': 96},PASS,True,2.4111683000228368,radius_double
2017-04-01,scalar,heatwave_dr,73,{'rho': 0.09088954957539638},17.061789364792865,0.0,6.104161047364441e-05,1.5182503025043101e-06,3.09762803275735,0.0,20.159417397550214,20.159417397550214,0.5,0.0,0,0.0,0.0,0.3521782368288014,80.16056805375356,0.7353257008582225,0.10589652499038493,8.283768871919506e-05,{'optimal': 96},PASS,True,3.4336056000029203,radius_double
2017-04-01,scalar,heatwave_dr,41,{'rho': 0.09088954957539638},17.061518448021282,0.0,6.102985877344614e-05,1.5132366872152658e-06,3.0968900392887653,0.0,20.158408487310048,20.158408487310048,0.5,0.0,0,0.0,0.0,0.34274745859340733,80.11767306853281,0.7352548333471491,0.11078577498119557,8.283470154424322e-05,{'optimal': 96},PASS,True,4.237210399995092,radius_double
2017-04-01,waveform,heatwave_dr,41,{'rho': 0.09088954957539638},17.05088300740251,0.0,6.057276437677516e-05,1.309723958587223e-06,3.0679299375963747,0.0,20.118812944998886,20.118812944998886,0.5,0.0,0,0.0,0.0,0.18174838129379126,78.38696819487807,0.7323888593200139,0.09426807499403367,7.699611471706502e-05,{'optimal': 96},PASS,True,3.5489830000151414,radius_double
2017-04-01,waveform,heatwave_dr,73,{'rho': 0.09088954957539638},17.047281514682,0.0,6.045819208448241e-05,1.2717981319211576e-06,3.061063548181755,0.0,20.108345062863755,20.108345062863755,0.5,0.0,0,0.0,0.0,0.2006794456016316,77.98688783248807,0.7316811872582765,0.10751897499721963,7.700530241289139e-05,{'optimal': 96},PASS,True,4.166637699992862,radius_double
2017-04-01,full_mean,heatwave_dr,41,{'rho': 0.09088954957539638},17.05282278318063,0.0,6.065581925205035e-05,1.3393674583020047e-06,3.0729719863515776,0.0,20.12579476953221,20.12579476953221,0.5,0.0,0,0.0,0.0,0.062405091527183425,78.6848607880508,0.7328916726525243,0.09870074998616474,7.699611471706502e-05,{'optimal': 96},PASS,True,3.514655499981018,radius_double
2017-04-01,full,heatwave_dr,41,{'rho': 0.09088954957539638},17.052945095811364,0.0,6.066104662776275e-05,1.3412714228972796e-06,3.0732904740750557,0.0,20.12623556988642,20.12623556988642,0.5,0.0,0,0.0,0.0,0.516722786696085,78.70364246654282,0.7329233062680359,0.10398550000536488,7.699611471706502e-05,{'optimal': 96},PASS,True,3.9389521999983117,radius_double
2017-04-01,full_mean,heatwave_dr,73,{'rho': 0.09088954957539638},17.049655166524847,0.0,6.051047479806735e-05,1.2893935898312381e-06,3.0642055475983048,0.0,20.113860714123152,20.113860714123152,0.5,0.0,0,0.0,0.0,0.05781336563953587,78.17346691679073,0.7319980814688938,0.10783479998644907,7.700530241289139e-05,{'optimal': 96},PASS,True,4.042507000005571,radius_double
2017-04-01,full,heatwave_dr,73,{'rho': 0.09088954957539638},17.050950046935068,0.0,6.0509448900431366e-05,1.3003906856980183e-06,3.064484165592509,0.0,20.115434212527575,20.115434212527575,0.5,0.0,0,0.0,0.0,0.5202964912473241,78.16980210360941,0.7319918648047756,0.10931252500449773,7.700530241289139e-05,{'optimal': 96},PASS,True,3.295495900005335,radius_double
2017-07-01,scalar,heatwave_dr,41,{'rho': 0.09088954957539638},-0.557734849761844,0.0,3.195776929423058e-05,6.881294607261423e-08,1.5999528530937075,0.0,1.0422180033318635,1.0422180033318635,0.5,0.0,0,0.0,0.0,0.19728359065535328,68.79016108695846,0.40163094400696203,0.09171790000254987,9.619933498617242e-05,{'optimal': 96},PASS,True,2.73058060000767,radius_double
2017-07-01,waveform,heatwave_dr,73,{'rho': 0.09088954957539638},-0.5572627240637575,0.0,3.197294321580994e-05,7.102341198197557e-08,1.600777863149956,0.0,1.0435151390861985,1.0435151390861985,0.5,0.0,0,0.0,0.0,0.19972252176390032,68.79074279887504,0.4017481434307177,0.09882102500705514,9.619933498617242e-05,{'optimal': 96},PASS,True,2.841714400012279,radius_double
2017-07-01,scalar,heatwave_dr,73,{'rho': 0.09088954957539638},-0.5577321446766672,0.0,3.195776929423058e-05,6.881284396426173e-08,1.599952850030457,0.0,1.0422207053537897,1.0422207053537897,0.5,0.0,0,0.0,0.0,0.2143776801815028,68.79016108695846,0.40163094400696203,0.11246634999406524,9.619933498617242e-05,{'optimal': 96},PASS,True,3.5431753000011668,radius_double
2017-07-01,waveform,heatwave_dr,41,{'rho': 0.09088954957539638},-0.555935345134912,0.0,3.1971218507530716e-05,6.7094778491222e-08,1.6005737687312724,0.0,1.0446384235963604,1.0446384235963604,0.5,0.0,0,0.0,0.0,0.1825362623003343,68.79070049263458,0.4017366039201605,0.11605207499815151,9.619933498617242e-05,{'optimal': 96},PASS,True,3.5633182000019588,radius_double
2017-07-01,full_mean,heatwave_dr,41,{'rho': 0.09088954957539638},-0.5559349779355811,0.0,3.1971218507530716e-05,6.709024522099843e-08,1.6005736327331659,0.0,1.0446386547975848,1.0446386547975848,0.5,0.0,0,0.0,0.0,0.05712661868436769,68.79070049263458,0.4017366039201605,0.09615712500817608,9.619933498617242e-05,{'optimal': 96},PASS,True,2.9796097000071313,radius_double
2017-07-01,full_mean,heatwave_dr,73,{'rho': 0.09088954957539638},-0.5556367859501381,0.0,3.197294321580994e-05,7.109719225712643e-08,1.6007800765582105,0.0,1.0451432906080724,1.0451432906080724,0.5,0.0,0,0.0,0.0,0.05079100679678018,68.79074279887504,0.4017481434307177,0.10330872499616817,9.619933498617242e-05,{'optimal': 96},PASS,True,3.132114400010323,radius_double
2017-07-01,full,heatwave_dr,41,{'rho': 0.09088954957539638},-0.5559348252137066,0.0,3.1971218507530716e-05,6.708967407491245e-08,1.6005736155987833,0.0,1.0446387903850767,1.0446387903850767,0.5,0.0,0,0.0,0.0,0.5162316414059211,68.79070049263458,0.4017366039201605,0.11472410000715172,9.619933498617242e-05,{'optimal': 96},PASS,True,3.5483812000020407,radius_double
2017-07-01,full,heatwave_dr,73,{'rho': 0.09088954957539638},-0.5556371564782074,0.0,3.197294321580994e-05,7.109744558126654e-08,1.600780084157935,0.0,1.0451429276797275,1.0451429276797275,0.5,0.0,0,0.0,0.0,0.519953911639729,68.79074279887504,0.4017481434307177,0.11915359999693464,9.619933498617242e-05,{'optimal': 96},PASS,True,3.5887499999953434,radius_double
2017-10-01,scalar,heatwave_dr,41,{'rho': 0.09088954957539638},32.0102013830706,0.0,4.197174065006053e-05,6.500830015080015e-07,2.1180895225482668,0.0,34.12829090561887,34.12829090561887,0.5,0.0,0,0.0,0.0,0.49435550322091115,73.88518436865908,0.5159888863843677,0.07357557499199174,8.89768022888926e-05,{'optimal': 96},PASS,True,3.0418041000084486,radius_double
2017-10-01,scalar,heatwave_dr,73,{'rho': 0.09088954957539638},32.0102013830706,0.0,4.197174065006053e-05,6.500830015080015e-07,2.1180895225482668,0.0,34.12829090561887,34.12829090561887,0.5,0.0,0,0.0,0.0,0.48994144076317525,73.88518436865908,0.5159888863843677,0.06941442500828998,8.89768022888926e-05,{'optimal': 96},PASS,True,2.8780039999983273,radius_double
2017-10-01,waveform,heatwave_dr,41,{'rho': 0.09088954957539638},32.01327573797382,0.0,4.179685823834477e-05,6.457023007533559e-07,2.109213980939839,0.0,34.12248971891366,34.12248971891366,0.5,0.0,0,0.0,0.0,0.1827251053335992,73.8468026041469,0.5145629206338558,0.08756505000928883,8.787164443330164e-05,{'optimal': 96},PASS,True,3.5797258999955375,radius_double
2017-10-01,waveform,heatwave_dr,73,{'rho': 0.09088954957539638},32.01282861361881,0.0,4.1780793285120634e-05,6.469377977921002e-07,2.1084477981897947,0.0,34.1212764118086,34.1212764118086,0.5,0.0,0,0.0,0.0,0.19938415714087177,73.86172277032632,0.51439418619399,0.08447937498567626,8.505228238042672e-05,{'optimal': 96},PASS,True,3.6466825999959838,radius_double
2017-10-01,full_mean,heatwave_dr,41,{'rho': 0.09088954957539638},32.01327573797382,0.0,4.179685823834477e-05,6.457023007533559e-07,2.109213980939839,0.0,34.12248971891366,34.12248971891366,0.5,0.0,0,0.0,0.0,0.061705982809750336,73.8468026041469,0.5145629206338558,0.0713927499964484,8.787164443330164e-05,{'optimal': 96},PASS,True,2.852578000020003,radius_double
2017-10-01,full_mean,heatwave_dr,73,{'rho': 0.09088954957539638},32.01282861361881,0.0,4.1780793285120634e-05,6.469377977921002e-07,2.1084477981897947,0.0,34.1212764118086,34.1212764118086,0.5,0.0,0,0.0,0.0,0.05324277370295065,73.86172277032632,0.51439418619399,0.06442785000399454,8.505228238042672e-05,{'optimal': 96},PASS,True,2.755021000019042,radius_double
2017-01-01,scalar,heatwave_dr,41,{'margin': 0.0},247.65967128435693,0.006053508465146962,0.00012723289623068937,1.0973337715123311e-07,6.364936812849005,0.0,254.0306616056711,254.0306616056711,0.5,0.0,0,0.0,0.003026754232573481,0.573270037873293,58.598763016753196,1.2,0.021460199997818563,7.442217309971966e-06,{'optimal': 96},PASS,True,1.4467412999947555,margin_zero
2017-01-01,scalar,heatwave_dr,73,{'margin': 0.0},247.65967128435693,0.006053508465146962,0.00012723289623068937,1.0973337715123311e-07,6.364936812849005,0.0,254.0306616056711,254.0306616056711,0.5,0.0,0,0.0,0.003026754232573481,0.6167940075359144,58.598763016753196,1.2,0.020610999985365197,7.442217309971966e-06,{'optimal': 96},PASS,True,1.460915700008627,margin_zero
2017-01-01,waveform,heatwave_dr,41,{'margin': 0.0},247.65864155139693,0.0014728148061884383,0.00012723289623068937,1.1186102388178253e-07,6.365000642250922,0.0,254.02511500845404,254.02511500845404,0.5,0.0,0,0.0,0.0007364074030942191,0.18598215701758367,58.714278739195464,1.2000000000000002,0.020896975001960527,6.8986616303945425e-06,{'optimal': 96},PASS,True,1.3839887000212912,margin_zero
2017-10-01,full,heatwave_dr,41,{'rho': 0.09088954957539638},32.01327573797382,0.0,4.179685823834477e-05,6.457023007533559e-07,2.109213980939839,0.0,34.12248971891366,34.12248971891366,0.5,0.0,0,0.0,0.0,0.5166994019919123,73.8468026041469,0.5145629206338558,0.08789894999790704,8.787164443330164e-05,{'optimal': 96},PASS,True,3.6583683000062592,radius_double
2017-10-01,full,heatwave_dr,73,{'rho': 0.09088954957539638},32.01282861361881,0.0,4.1780793285120634e-05,6.469377977921002e-07,2.1084477981897947,0.0,34.1212764118086,34.1212764118086,0.5,0.0,0,0.0,0.0,0.5195745635657251,73.86172277032632,0.51439418619399,0.08659070001158398,8.505228238042672e-05,{'optimal': 96},PASS,True,3.6593223999952897,radius_double
2017-01-01,waveform,heatwave_dr,73,{'margin': 0.0},247.6590979631015,0.001996565988239496,0.00012723289623068937,1.1170584749045739e-07,6.3649959869591815,0.0,254.0260905160489,254.0260905160489,0.5,0.0,0,0.0,0.000998282994119748,0.20529002820681563,58.70667234701428,1.2,0.017997425005887635,6.81963011839315e-06,{'optimal': 96},PASS,True,1.2844997000065632,margin_zero
2017-01-01,full_mean,heatwave_dr,41,{'margin': 0.0},247.65864155139693,0.0014728148061884383,0.00012723289623068937,1.1186102388178253e-07,6.365000642250922,0.0,254.02511500845404,254.02511500845404,0.5,0.0,0,0.0,0.0007364074030942191,0.07712448695892381,58.714278739195464,1.2000000000000002,0.02046975000121165,6.8986616303945425e-06,{'optimal': 96},PASS,True,1.3938823000062257,margin_zero
2017-01-01,full_mean,heatwave_dr,73,{'margin': 0.0},247.6590979631015,0.001996565988239496,0.00012723289623068937,1.1170584749045739e-07,6.3649959869591815,0.0,254.0260905160489,254.0260905160489,0.5,0.0,0,0.0,0.000998282994119748,0.06458059719024782,58.70667234701428,1.2,0.022007049985404592,6.81963011839315e-06,{'optimal': 96},PASS,True,1.8888838000129908,margin_zero
2017-01-01,full,heatwave_dr,73,{'margin': 0.0},247.6590979631015,0.001996565988239496,0.00012723289623068937,1.1170584749045739e-07,6.3649959869591815,0.0,254.0260905160489,254.0260905160489,0.5,0.0,0,0.0,0.000998282994119748,0.5178204928222734,58.70667234701428,1.2,0.02165455000795191,6.81963011839315e-06,{'optimal': 96},PASS,True,1.6059157000272535,margin_zero
2017-01-01,full,heatwave_dr,41,{'margin': 0.0},247.65864155139693,0.0014728148061884383,0.00012723289623068937,1.1186102388178253e-07,6.365000642250922,0.0,254.02511500845404,254.02511500845404,0.5,0.0,0,0.0,0.0007364074030942191,0.5170440678317267,58.714278739195464,1.2000000000000002,0.02211607500066748,6.8986616303945425e-06,{'optimal': 96},PASS,True,1.898388299974613,margin_zero
2017-04-01,scalar,heatwave_dr,41,{'margin': 0.0},15.932760778312854,0.0,5.346312307288687e-05,8.685208778484749e-07,2.6992117799797977,0.0,18.631972558292652,18.631972558292652,0.5,0.0,0,0.0,0.0,0.27381492972415283,79.11565989081069,0.6790141578392318,0.0667049999901792,9.960527548696918e-05,{'optimal': 96},PASS,True,2.550179699988803,margin_zero
2017-04-01,waveform,heatwave_dr,41,{'margin': 0.0},15.97684175745741,0.0,5.331737076644923e-05,8.608366825689461e-07,2.6916936387995296,0.0,18.668535396256942,18.668535396256942,0.5,0.0,0,0.0,0.0,0.18141874709390163,79.04753882522385,0.6791696820651977,0.07246917500015115,9.39879180088532e-05,{'optimal': 96},PASS,True,2.828678599995328,margin_zero
2017-04-01,scalar,heatwave_dr,73,{'margin': 0.0},15.934003215039356,0.0,5.345803949661514e-05,8.683224298930228e-07,2.6989516477275477,0.0,18.632954862766905,18.632954862766905,0.5,0.0,0,0.0,0.0,0.29554836379657595,79.11383870174933,0.6790141578392319,0.08372165000764653,9.867349236264422e-05,{'optimal': 96},PASS,True,3.313606899988372,margin_zero
2017-04-01,waveform,heatwave_dr,73,{'margin': 0.0},15.977147668147703,0.0,5.3316475833791066e-05,8.611737628405143e-07,2.691659004574769,0.0,18.66880667272247,18.66880667272247,0.5,0.0,0,0.0,0.0,0.20177438941817394,79.05058230401283,0.6791494911973541,0.09096027500345372,9.561009254757669e-05,{'optimal': 96},PASS,True,3.4919317000021692,margin_zero
2017-04-01,full_mean,heatwave_dr,41,{'margin': 0.0},15.992259491068516,0.0,5.3255325502975814e-05,8.585087114614256e-07,2.6885215364926336,0.0,18.68078102756115,18.68078102756115,0.5,0.0,0,0.0,0.0,0.05941728762777843,79.02578738224194,0.6791696820651978,0.08381209999060957,9.686790587074001e-05,{'optimal': 96},PASS,True,2.8767217000131495,margin_zero
2017-04-01,full_mean,heatwave_dr,73,{'margin': 0.0},15.991765738365913,0.0,5.325764075201517e-05,8.589655262184735e-07,2.6886510033873123,0.0,18.680416741753227,18.680416741753227,0.5,0.0,0,0.0,0.0,0.058877456174903045,79.0299580950762,0.6791494911973541,0.07712889999675099,9.742466432205443e-05,{'optimal': 96},PASS,True,2.787086799973622,margin_zero
2017-04-01,full,heatwave_dr,41,{'margin': 0.0},15.977144134355644,0.0,5.3316158682941884e-05,8.607909462941616e-07,2.691631662535919,0.0,18.668775796891563,18.668775796891563,0.5,0.0,0,0.0,0.0,0.5163028661388444,79.04711240877636,0.6791696820651976,0.08879134999733651,9.400393385394779e-05,{'optimal': 96},PASS,True,3.463876900001196,margin_zero
2017-04-01,full,heatwave_dr,73,{'margin': 0.0},15.991694295896533,0.0,5.325792891937148e-05,8.589762801860579e-07,2.6886657343741556,0.0,18.680360030270688,18.680360030270688,0.5,0.0,0,0.0,0.0,0.520553096567608,79.03005876712942,0.6791494911973541,0.08536392499809153,9.751037921396088e-05,{'optimal': 96},PASS,True,3.3419278000073973,margin_zero
2017-07-01,scalar,heatwave_dr,41,{'margin': 0.0},-0.7672550833627598,0.0,2.9259100957465016e-05,7.765989596241542e-08,1.4652848447521232,0.0,0.6980297613893633,0.6980297613893633,0.5,0.0,0,0.0,0.0,0.2704490639836132,69.13372146780323,0.3957225562189041,0.11191002501436742,6.387069549720903e-05,{'optimal': 96},PASS,True,2.785073700011708,margin_zero
2017-07-01,scalar,heatwave_dr,73,{'margin': 0.0},-0.7664680353082636,0.0,2.925910095746502e-05,7.649738919867812e-08,1.4652499695492112,0.0,0.6987819342409476,0.6987819342409476,0.5,0.0,0,0.0,0.0,0.2860933163416467,69.1337217365236,0.39572255621890423,0.09706610000284854,6.333281916490185e-05,{'optimal': 96},PASS,True,2.5664616000140086,margin_zero
2017-07-01,full_mean,heatwave_dr,41,{'margin': 0.0},-0.755777493264389,0.0,2.9283557505219948e-05,7.655061571290177e-08,1.4664743937323843,0.0,0.7106969004679953,0.7106969004679953,0.5,0.0,0,0.0,0.0,0.057052853837731045,69.13539873144964,0.3963346629005668,0.07742789999610977,9.030797345929709e-05,{'optimal': 96},PASS,True,2.4360672000038903,margin_zero
2017-07-01,waveform,heatwave_dr,41,{'margin': 0.0},-0.7557775000592901,0.0,2.9283557457167298e-05,7.655062010645666e-08,1.4664743914615588,0.0,0.7106968914022687,0.7106968914022687,0.5,0.0,0,0.0,0.0,0.18149922264793614,69.13539902757563,0.39633465964039977,0.11261297499004286,9.030823171835012e-05,{'optimal': 96},PASS,True,3.3499937999877147,margin_zero
2017-07-01,waveform,heatwave_dr,73,{'margin': 0.0},-0.7548604480828627,0.0,2.928552490814229e-05,7.674165808893687e-08,1.4665784951497827,0.0,0.71171804706692,0.71171804706692,0.5,0.0,0,0.0,0.0,0.20139647864940802,69.13072567528243,0.39633592347571106,0.11276192499644822,9.139142014022439e-05,{'optimal': 96},PASS,True,3.1861385999945924,margin_zero
2017-07-01,full_mean,heatwave_dr,73,{'margin': 0.0},-0.7548419602401251,0.0,2.928562971343893e-05,7.674195779152814e-08,1.4665837444056924,0.0,0.7117417841655673,0.7117417841655673,0.5,0.0,0,0.0,0.0,0.05276863698234296,69.13074603867078,0.39634303763967743,0.08033592499850783,9.041808393756012e-05,{'optimal': 96},PASS,True,2.3907405999780167,margin_zero
2017-10-01,scalar,heatwave_dr,41,{'margin': 0.0},28.52091123731293,0.0,5.856272659171909e-05,4.914988407511031e-07,2.9428812948084873,0.0,31.463792532121417,31.463792532121417,0.5,0.0,0,0.0,0.0,0.49568015622231354,71.54161041247283,0.6939711619265421,0.04569307500059949,9.187151529399529e-05,{'optimal': 96},PASS,True,2.272276799980318,margin_zero
2017-07-01,full,heatwave_dr,41,{'margin': 0.0},-0.7558001564591712,0.0,2.928342900916438e-05,7.655024377204066e-08,1.4664679577713802,0.0,0.710667801312209,0.710667801312209,0.5,0.0,0,0.0,0.0,0.5161858248313881,69.13537340917127,0.39632594317690667,0.1129474499830394,9.12928988810735e-05,{'optimal': 96},PASS,True,2.8114121000107843,margin_zero
2017-10-01,scalar,heatwave_dr,73,{'margin': 0.0},28.52091129419909,0.0,5.856272789394167e-05,4.915007284666503e-07,2.942881416551083,0.0,31.463792710750173,31.463792710750173,0.5,0.0,0,0.0,0.0,0.4986227828959433,71.54164092437829,0.6939711619265421,0.04062907501065638,9.187151529399529e-05,{'optimal': 96},PASS,True,2.030430199985858,margin_zero
2017-07-01,full,heatwave_dr,73,{'margin': 0.0},-0.7548419610315276,0.0,2.928562970899927e-05,7.674195775626409e-08,1.4665837441826515,0.0,0.7117417831511239,0.7117417831511239,0.5,0.0,0,0.0,0.0,0.519363901782341,69.1307460362898,0.39634303733836546,0.1127545500130509,9.041810778182002e-05,{'optimal': 96},PASS,True,3.1609910000115633,margin_zero
2017-10-01,waveform,heatwave_dr,73,{'margin': 0.0},28.51736869367253,0.0,5.857342321232574e-05,4.905420828709559e-07,2.9433874231024157,0.0,31.460756116774945,31.460756116774945,0.5,0.0,0,0.0,0.0,0.20428733493621246,71.54256800625306,0.6941471563930918,0.046454800009087194,8.846489345915032e-05,{'optimal': 96},PASS,True,2.4779247000114992,margin_zero
2017-10-01,waveform,heatwave_dr,41,{'margin': 0.0},28.522224895275663,0.0,5.855170402416686e-05,4.90833077591827e-07,2.942310193536098,0.0,31.46453508881176,31.46453508881176,0.5,0.0,0,0.0,0.0,0.18401902504627013,71.54596943405227,0.69401342243839,0.05218572498415597,8.831996001967823e-05,{'optimal': 96},PASS,True,2.5892505000228994,margin_zero
2017-10-01,full_mean,heatwave_dr,41,{'margin': 0.0},28.522231612553238,0.0,5.8551857739114085e-05,4.910564454396811e-07,2.9423245803188944,0.0,31.46455619287213,31.46455619287213,0.5,0.0,0,0.0,0.0,0.06312341088675064,71.54957725519479,0.6940134224383899,0.05927899998641806,8.827984065762351e-05,{'optimal': 96},PASS,True,2.3911550999910105,margin_zero
2017-10-01,full_mean,heatwave_dr,73,{'margin': 0.0},28.517427945374514,0.0,5.857350217830787e-05,4.906564777814563e-07,2.9433948032488373,0.0,31.46082274862335,31.46082274862335,0.5,0.0,0,0.0,0.0,0.05903024858473725,71.54442380575897,0.6941471554759508,0.05975017498712987,8.84442377171446e-05,{'optimal': 96},PASS,True,2.701633099990431,margin_zero
2017-01-01,scalar,heatwave_dr,41,{'margin': 6.0},247.65967128435693,0.006053508465146962,0.00012723289623068937,1.0973337715123311e-07,6.364936812849005,0.0,254.0306616056711,254.0306616056711,0.5,0.0,0,0.0,0.003026754232573481,0.573270037873293,58.598763016753196,1.2,0.0221064499928616,7.442217309971966e-06,{'optimal': 96},PASS,True,1.6962819000182208,margin_six
2017-10-01,full,heatwave_dr,41,{'margin': 0.0},28.522230746363352,0.0,5.8551837918724175e-05,4.910276379723168e-07,2.9423227250753783,0.0,31.46455347143873,31.46455347143873,0.5,0.0,0,0.0,0.0,0.5169804274151962,71.54911204473956,0.69401342243839,0.0547463249968132,8.828501320756743e-05,{'optimal': 96},PASS,True,2.3830885000061244,margin_zero
2017-10-01,full,heatwave_dr,73,{'margin': 0.0},28.517373103473027,0.0,5.8573524120297953e-05,4.906885292601173e-07,2.9433968618927016,0.0,31.460769965365728,31.460769965365728,0.5,0.0,0,0.0,0.0,0.5195965878213515,71.54493531940763,0.6941471563930918,0.058754550002049655,8.84385448896019e-05,{'optimal': 96},PASS,True,2.377117399999406,margin_zero
2017-01-01,scalar,heatwave_dr,73,{'margin': 6.0},247.65967128435693,0.006053508465146962,0.00012723289623068937,1.0973337715123311e-07,6.364936812849005,0.0,254.0306616056711,254.0306616056711,0.5,0.0,0,0.0,0.003026754232573481,0.6167940075359144,58.598763016753196,1.2,0.02162405000126455,7.442217309971966e-06,{'optimal': 96},PASS,True,1.611617499991553,margin_six
2017-01-01,waveform,heatwave_dr,41,{'margin': 6.0},247.65864155139693,0.0014728148061884383,0.00012723289623068937,1.1186102388178253e-07,6.365000642250922,0.0,254.02511500845404,254.02511500845404,0.5,0.0,0,0.0,0.0007364074030942191,0.18598215701758355,58.714278739195464,1.2000000000000002,0.022022249999281485,6.8986616303945425e-06,{'optimal': 96},PASS,True,1.8769765000033658,margin_six
2017-01-01,waveform,heatwave_dr,73,{'margin': 6.0},247.6590979631015,0.001996565988239496,0.00012723289623068937,1.1170584749045739e-07,6.3649959869591815,0.0,254.0260905160489,254.0260905160489,0.5,0.0,0,0.0,0.000998282994119748,0.20529002820681563,58.70667234701428,1.2,0.021582374996796716,6.81963011839315e-06,{'optimal': 96},PASS,True,1.7048550000181422,margin_six
2017-01-01,full_mean,heatwave_dr,41,{'margin': 6.0},247.65864155139693,0.0014728148061884383,0.00012723289623068937,1.1186102388178253e-07,6.365000642250922,0.0,254.02511500845404,254.02511500845404,0.5,0.0,0,0.0,0.0007364074030942191,0.07712448695892389,58.714278739195464,1.2000000000000002,0.02241489999141777,6.8986616303945425e-06,{'optimal': 96},PASS,True,1.7257562000013422,margin_six
2017-01-01,full_mean,heatwave_dr,73,{'margin': 6.0},247.6590979631015,0.001996565988239496,0.00012723289623068937,1.1170584749045739e-07,6.3649959869591815,0.0,254.0260905160489,254.0260905160489,0.5,0.0,0,0.0,0.000998282994119748,0.06458059719024782,58.70667234701428,1.2,0.022065475008275826,6.81963011839315e-06,{'optimal': 96},PASS,True,1.8834907000127714,margin_six
2017-01-01,full,heatwave_dr,41,{'margin': 6.0},247.65864155139693,0.0014728148061884383,0.00012723289623068937,1.1186102388178253e-07,6.365000642250922,0.0,254.02511500845404,254.02511500845404,0.5,0.0,0,0.0,0.0007364074030942191,0.5170440678317267,58.714278739195464,1.2000000000000002,0.021231600003375206,6.8986616303945425e-06,{'optimal': 96},PASS,True,1.666832399991108,margin_six
2017-01-01,full,heatwave_dr,73,{'margin': 6.0},247.6590979631015,0.001996565988239496,0.00012723289623068937,1.1170584749045739e-07,6.3649959869591815,0.0,254.0260905160489,254.0260905160489,0.5,0.0,0,0.0,0.000998282994119748,0.5178204928222734,58.70667234701428,1.2,0.02153537500271341,6.81963011839315e-06,{'optimal': 96},PASS,True,1.5391306999954395,margin_six
2017-04-01,scalar,heatwave_dr,41,{'margin': 6.0},15.932723280757749,0.0,5.346312307288687e-05,8.682067671427155e-07,2.699202356658625,0.0,18.631925637416373,18.631925637416373,0.5,0.0,0,0.0,0.0,0.27361590485359744,79.11565989081069,0.6790141578392319,0.07986754999728873,9.960527548696918e-05,{'optimal': 96},PASS,True,3.2732668000098784,margin_six
2017-04-01,scalar,heatwave_dr,73,{'margin': 6.0},15.934003215039356,0.0,5.345803949661514e-05,8.683224298930228e-07,2.6989516477275477,0.0,18.632954862766905,18.632954862766905,0.5,0.0,0,0.0,0.0,0.29554836379657595,79.11383870174933,0.6790141578392319,0.08366642499458976,9.867349236264422e-05,{'optimal': 96},PASS,True,3.2718163000245113,margin_six
2017-04-01,waveform,heatwave_dr,41,{'margin': 6.0},15.97684175745741,0.0,5.331737076644923e-05,8.608366825689461e-07,2.6916936387995296,0.0,18.668535396256942,18.668535396256942,0.5,0.0,0,0.0,0.0,0.18141874709390163,79.04753882522385,0.6791696820651977,0.09416237501136493,9.39879180088532e-05,{'optimal': 96},PASS,True,3.487923500011675,margin_six
2017-04-01,waveform,heatwave_dr,73,{'margin': 6.0},15.977147668147703,0.0,5.3316475833791066e-05,8.611737628405143e-07,2.691659004574769,0.0,18.66880667272247,18.66880667272247,0.5,0.0,0,0.0,0.0,0.20177438941817394,79.05058230401283,0.6791494911973541,0.0891521250086953,9.561009254757669e-05,{'optimal': 96},PASS,True,3.3382108000223525,margin_six
2017-04-01,full_mean,heatwave_dr,41,{'margin': 6.0},15.992259491068516,0.0,5.3255325502975814e-05,8.585087114614256e-07,2.6885215364926336,0.0,18.68078102756115,18.68078102756115,0.5,0.0,0,0.0,0.0,0.05941728762777843,79.02578738224194,0.6791696820651978,0.08444259999669157,9.686790587074001e-05,{'optimal': 96},PASS,True,2.953182299999753,margin_six
2017-04-01,full_mean,heatwave_dr,73,{'margin': 6.0},15.991765738365913,0.0,5.325764075201517e-05,8.589655262184735e-07,2.6886510033873123,0.0,18.680416741753227,18.680416741753227,0.5,0.0,0,0.0,0.0,0.058877456174903045,79.0299580950762,0.6791494911973541,0.07121365001512459,9.742466432205443e-05,{'optimal': 96},PASS,True,2.900524199998472,margin_six
2017-04-01,full,heatwave_dr,73,{'margin': 6.0},15.991694295896533,0.0,5.325792891937148e-05,8.589762801860579e-07,2.6886657343741556,0.0,18.680360030270688,18.680360030270688,0.5,0.0,0,0.0,0.0,0.520553096567608,79.03005876712942,0.6791494911973541,0.0844059750015731,9.751037921396088e-05,{'optimal': 96},PASS,True,3.1507412000210024,margin_six
2017-04-01,full,heatwave_dr,41,{'margin': 6.0},15.977144134355644,0.0,5.3316158682941884e-05,8.607909462941616e-07,2.691631662535919,0.0,18.668775796891563,18.668775796891563,0.5,0.0,0,0.0,0.0,0.5163028661388444,79.04711240877636,0.6791696820651976,0.08762827501050197,9.400393385394779e-05,{'optimal': 96},PASS,True,3.2604017999838106,margin_six
2017-07-01,scalar,heatwave_dr,41,{'margin': 6.0},-0.7632993489466984,0.0,2.9259100957465016e-05,8.781540069414614e-08,1.465589509894075,0.0,0.7022901609473766,0.7022901609473766,0.5,0.0,0,0.0,0.0,0.2731694594990455,69.77470788502436,0.3957225562189041,0.09169575000123587,6.387069549720903e-05,{'optimal': 96},PASS,True,2.6816962999873795,margin_six
2017-07-01,scalar,heatwave_dr,73,{'margin': 6.0},-0.7625123023873643,0.0,2.925910095746502e-05,8.652444266334679e-08,1.4655507811531514,0.0,0.7030384787657871,0.7030384787657871,0.5,0.0,0,0.0,0.0,0.2896027280069629,69.77470788502436,0.39572255621890423,0.11428067499218741,6.333281916490185e-05,{'optimal': 96},PASS,True,2.9680240000016056,margin_six
2017-07-01,waveform,heatwave_dr,73,{'margin': 6.0},-0.7505568901340391,0.0,2.928552490814229e-05,8.775249235891313e-08,1.466908820177882,0.0,0.7163519300438428,0.7163519300438428,0.5,0.0,0,0.0,0.0,0.20124659371628326,69.82975332900989,0.39633592347571106,0.07774287499341881,9.139142014022439e-05,{'optimal': 96},PASS,True,2.3933213999844156,margin_six
2017-07-01,waveform,heatwave_dr,41,{'margin': 6.0},-0.7514696935809271,0.0,2.9283557457167298e-05,8.75532049734492e-08,1.4668044690075686,0.0,0.7153347754266415,0.7153347754266415,0.5,0.0,0,0.0,0.0,0.1817162835163778,69.83531251817769,0.39633465964039977,0.09255164999922272,9.030823171835012e-05,{'optimal': 96},PASS,True,2.6514038000022992,margin_six
2017-07-01,full_mean,heatwave_dr,41,{'margin': 6.0},-0.7514696830385583,0.0,2.9283557505219948e-05,8.755321091840234e-08,1.4668044715885493,0.0,0.715334788549991,0.715334788549991,0.5,0.0,0,0.0,0.0,0.0569799884870015,69.8353128762196,0.3963346629005668,0.11289710000710329,9.030797345929709e-05,{'optimal': 96},PASS,True,3.3300759000121616,margin_six
2017-07-01,full_mean,heatwave_dr,73,{'margin': 6.0},-0.7505338842038252,0.0,2.928562971343893e-05,8.776549392240189e-08,1.4669144504896185,0.0,0.7163805662857934,0.7163805662857934,0.5,0.0,0,0.0,0.0,0.05284834769507314,69.830534809317,0.39634303763967743,0.11233657498814864,9.041808393756012e-05,{'optimal': 96},PASS,True,3.203504500008421,margin_six
2017-07-01,full,heatwave_dr,41,{'margin': 6.0},-0.7514978788940747,0.0,2.928342900916438e-05,8.75373125841592e-08,1.4667975698357438,0.0,0.7152996909416691,0.7152996909416691,0.5,0.0,0,0.0,0.0,0.5159495780051203,69.834355306821,0.39632594317690667,0.09066707500460325,9.12928988810735e-05,{'optimal': 96},PASS,True,2.6685253999894485,margin_six
2017-07-01,full,heatwave_dr,73,{'margin': 6.0},-0.7505338851782439,0.0,2.928562970899927e-05,8.776549337167429e-08,1.4669144502511138,0.0,0.7163805650728698,0.7163805650728698,0.5,0.0,0,0.0,0.0,0.5193089911718826,69.83053477621668,0.39634303733836546,0.11166014999616891,9.041810778182002e-05,{'optimal': 96},PASS,True,2.8937506999936886,margin_six
2017-10-01,scalar,heatwave_dr,41,{'margin': 6.0},28.52091123731293,0.0,5.856272659171909e-05,4.914988407511031e-07,2.9428812948084873,0.0,31.463792532121417,31.463792532121417,0.5,0.0,0,0.0,0.0,0.49568015622231354,71.54161041247283,0.6939711619265421,0.04529365000053076,9.187151529399529e-05,{'optimal': 96},PASS,True,2.3092176000063773,margin_six
2017-10-01,scalar,heatwave_dr,73,{'margin': 6.0},28.52091129419909,0.0,5.856272789394167e-05,4.915007284666503e-07,2.942881416551083,0.0,31.463792710750173,31.463792710750173,0.5,0.0,0,0.0,0.0,0.4986227828959433,71.54164092437829,0.6939711619265421,0.04028507498151157,9.187151529399529e-05,{'optimal': 96},PASS,True,2.1104943999962416,margin_six
2017-10-01,waveform,heatwave_dr,41,{'margin': 6.0},28.522224895275663,0.0,5.855170402416686e-05,4.90833077591827e-07,2.942310193536098,0.0,31.46453508881176,31.46453508881176,0.5,0.0,0,0.0,0.0,0.18401902504627013,71.54596943405227,0.69401342243839,0.04337350000423612,8.831996001967823e-05,{'optimal': 96},PASS,True,2.030947399995057,margin_six
2017-10-01,waveform,heatwave_dr,73,{'margin': 6.0},28.51736869367253,0.0,5.857342321232574e-05,4.905420828709559e-07,2.9433874231024157,0.0,31.460756116774945,31.460756116774945,0.5,0.0,0,0.0,0.0,0.20428733493621246,71.54256800625306,0.6941471563930918,0.05934667499241186,8.846489345915032e-05,{'optimal': 96},PASS,True,2.621582399995532,margin_six
2017-10-01,full_mean,heatwave_dr,41,{'margin': 6.0},28.522231612553238,0.0,5.8551857739114085e-05,4.910564454396811e-07,2.9423245803188944,0.0,31.46455619287213,31.46455619287213,0.5,0.0,0,0.0,0.0,0.06312341088675064,71.54957725519479,0.6940134224383899,0.04838865000056103,8.827984065762351e-05,{'optimal': 96},PASS,True,2.4523919000057504,margin_six
2017-10-01,full,heatwave_dr,41,{'margin': 6.0},28.522230746363352,0.0,5.8551837918724175e-05,4.910276379723168e-07,2.9423227250753783,0.0,31.46455347143873,31.46455347143873,0.5,0.0,0,0.0,0.0,0.5169804274151962,71.54911204473956,0.69401342243839,0.040685899984964635,8.828501320756743e-05,{'optimal': 96},PASS,True,1.9884262999985367,margin_six
2017-10-01,full_mean,heatwave_dr,73,{'margin': 6.0},28.517427945374514,0.0,5.857350217830787e-05,4.906564777814563e-07,2.9433948032488373,0.0,31.46082274862335,31.46082274862335,0.5,0.0,0,0.0,0.0,0.05903024858473725,71.54442380575897,0.6941471554759508,0.04688102498766966,8.84442377171446e-05,{'optimal': 96},PASS,True,2.4047725000127684,margin_six
2017-10-01,full,heatwave_dr,73,{'margin': 6.0},28.517373103473027,0.0,5.8573524120297953e-05,4.906885292601173e-07,2.9433968618927016,0.0,31.460769965365728,31.460769965365728,0.5,0.0,0,0.0,0.0,0.5195965878213515,71.54493531940763,0.6941471563930918,0.041211400020984,8.84385448896019e-05,{'optimal': 96},PASS,True,1.91554359998554,margin_six
2017-01-01,scalar,heatwave_dr,41,"{'rainflow_tolerance': 1e-06, 'max_cuts': 80}",247.65967128435693,0.006053508465146962,0.00012723289623068937,1.0973337715123311e-07,6.364936812849005,0.0,254.0306616056711,254.0306616056711,0.5,0.0,0,0.0,0.003026754232573481,0.573270037873293,58.598763016753196,1.2,0.01982502498140093,8.881784197001252e-16,{'optimal': 96},PASS,True,1.3850387000129558,precision
2017-01-01,scalar,ordinary,41,"{'rainflow_tolerance': 1e-06, 'max_cuts': 80}",247.65510856912906,0.0,0.00012723289623068937,8.526612063265974e-08,6.364202795153448,0.0,254.01931136428252,254.01931136428252,0.5,0.0,0,0.0,0.0,0.5763478729872485,48.589641608728186,1.2,0.028117474997998215,8.881784197001252e-16,{'optimal': 96},PASS,True,1.8946677999920212,precision
2017-01-01,waveform,ordinary,41,"{'rainflow_tolerance': 1e-06, 'max_cuts': 80}",247.65284970583696,0.0,0.00012723289623068937,8.689328914975693e-08,6.364251610208961,0.0,254.0171013160459,254.0171013160459,0.5,0.0,0,0.0,0.0,0.1859074346471216,48.703031672848994,1.2000000000000002,0.023793100008333568,8.881784197001252e-16,{'optimal': 96},PASS,True,1.8739014999882784,precision
2017-01-01,waveform,heatwave_dr,41,"{'rainflow_tolerance': 1e-06, 'max_cuts': 80}",247.65864155139693,0.0014728148061884383,0.00012723289623068937,1.1186102388178253e-07,6.365000642250922,0.0,254.02511500845404,254.02511500845404,0.5,0.0,0,0.0,0.0007364074030942191,0.18598215701758367,58.714278739195464,1.2000000000000002,0.021848600001248997,8.881784197001252e-16,{'optimal': 96},PASS,True,1.5707062000001315,precision
2017-01-01,full_mean,ordinary,41,"{'rainflow_tolerance': 1e-06, 'max_cuts': 80}",247.65284970583696,0.0,0.00012723289623068937,8.689328914975693e-08,6.364251610208961,0.0,254.0171013160459,254.0171013160459,0.5,0.0,0,0.0,0.0,0.07801620672399102,48.703031672848994,1.2000000000000002,0.02091560001281323,8.881784197001252e-16,{'optimal': 96},PASS,True,1.4600897000054829,precision
2017-01-01,full_mean,heatwave_dr,41,"{'rainflow_tolerance': 1e-06, 'max_cuts': 80}",247.65864155139693,0.0014728148061884383,0.00012723289623068937,1.1186102388178253e-07,6.365000642250922,0.0,254.02511500845404,254.02511500845404,0.5,0.0,0,0.0,0.0007364074030942191,0.07712448695892381,58.714278739195464,1.2000000000000002,0.023785699981090147,8.881784197001252e-16,{'optimal': 96},PASS,True,1.898542399983853,precision
2017-01-01,full,ordinary,41,"{'rainflow_tolerance': 1e-06, 'max_cuts': 80}",247.65284970583696,0.0,0.00012723289623068937,8.689328914975693e-08,6.364251610208961,0.0,254.0171013160459,254.0171013160459,0.5,0.0,0,0.0,0.0,0.516548904803998,48.703031672848994,1.2000000000000002,0.02333197501138784,8.881784197001252e-16,{'optimal': 96},PASS,True,1.8758727999811526,precision
2017-01-01,full,heatwave_dr,41,"{'rainflow_tolerance': 1e-06, 'max_cuts': 80}",247.65864155139693,0.0014728148061884383,0.00012723289623068937,1.1186102388178253e-07,6.365000642250922,0.0,254.02511500845404,254.02511500845404,0.5,0.0,0,0.0,0.0007364074030942191,0.5170440678317267,58.714278739195464,1.2000000000000002,0.021890174997679424,8.881784197001252e-16,{'optimal': 96},PASS,True,1.4500051000213716,precision
2017-04-01,scalar,ordinary,41,"{'rainflow_tolerance': 1e-06, 'max_cuts': 80}",15.964001445032665,0.0,5.333661909670432e-05,6.723609583082136e-07,2.687001783584462,0.0,18.651003228617128,18.651003228617128,0.5,0.0,0,0.0,0.0,0.2738077280977609,69.07063981908364,0.6790141578392319,0.09589329999289475,7.62924684746813e-07,{'optimal': 96},PASS,True,3.323624899989227,precision
2017-04-01,scalar,heatwave_dr,41,"{'rainflow_tolerance': 1e-06, 'max_cuts': 80}",15.967958417395593,0.0,5.331975496524544e-05,8.626833957517713e-07,2.6918682501348252,0.0,18.659826667530417,18.659826667530417,0.5,0.0,0,0.0,0.0,0.27381658416783633,79.06468596400069,0.679014157839232,0.09139825000602286,7.431611123154269e-07,{'optimal': 96},PASS,True,3.240301800018642,precision
2017-04-01,waveform,heatwave_dr,41,"{'rainflow_tolerance': 1e-06, 'max_cuts': 80}",15.988161092317576,0.0,5.3271777652959163e-05,8.591229982304703e-07,2.6893625725948724,0.0,18.67752366491245,18.67752366491245,0.5,0.0,0,0.0,0.0,0.18142677362918727,79.03153984537764,0.6791696820651977,0.08299172499391716,7.081384278961877e-07,{'optimal': 96},PASS,True,3.329985799995484,precision
2017-04-01,waveform,ordinary,41,"{'rainflow_tolerance': 1e-06, 'max_cuts': 80}",15.993055405572289,0.0,5.325296104087753e-05,6.685413075673182e-07,2.682704291270896,0.0,18.675759696843183,18.675759696843183,0.5,0.0,0,0.0,0.0,0.18142484943715004,69.02496156050725,0.6791696820651976,0.09695424999517854,5.950057123949026e-07,{'optimal': 96},PASS,True,3.684716199990362,precision
2017-04-01,full_mean,ordinary,41,"{'rainflow_tolerance': 1e-06, 'max_cuts': 80}",15.99305779833831,0.0,5.325296104087751e-05,6.68541339780338e-07,2.682704292237286,0.0,18.675762090575596,18.675762090575596,0.5,0.0,0,0.0,0.0,0.059431415562840435,69.02496156050725,0.6791696820651976,0.07610630000999663,5.950057123949026e-07,{'optimal': 96},PASS,True,2.9216391000081785,precision
2017-04-01,full,ordinary,41,"{'rainflow_tolerance': 1e-06, 'max_cuts': 80}",15.993057489738014,0.0,5.325296104087751e-05,6.685413356240657e-07,2.682704292112598,0.0,18.67576178185061,18.67576178185061,0.5,0.0,0,0.0,0.0,0.5163081778230424,69.02496156050725,0.6791696820651976,0.07127262499125209,5.950057123949026e-07,{'optimal': 96},PASS,True,2.7249627000128385,precision
2017-04-01,full_mean,heatwave_dr,41,"{'rainflow_tolerance': 1e-06, 'max_cuts': 80}",15.988770073077776,0.0,5.3269338923849687e-05,8.590318339019764e-07,2.6892379012095438,0.0,18.67800797428732,18.67800797428732,0.5,0.0,0,0.0,0.0,0.059414726338075895,79.03068645183366,0.6791696820651978,0.09112007499788888,9.843991271574204e-07,{'optimal': 96},PASS,True,3.938838499976555,precision
2017-04-01,full,heatwave_dr,41,"{'rainflow_tolerance': 1e-06, 'max_cuts': 80}",15.988457660856811,0.0,5.3270593468596074e-05,8.590787392099745e-07,2.6893020356061026,0.0,18.677759696462914,18.677759696462914,0.5,0.0,0,0.0,0.0,0.5163075721342855,79.03112542909953,0.6791696820651977,0.0949413999915123,9.85802855374418e-07,{'optimal': 96},PASS,True,3.690837499976624,precision
2017-07-01,scalar,ordinary,41,"{'rainflow_tolerance': 1e-06, 'max_cuts': 80}",-0.7679883267126852,0.0,2.9261620963906136e-05,5.5153882833630405e-08,1.4647356646803156,0.0,0.6967473379676303,0.6967473379676303,0.5,0.0,0,0.0,0.0,0.26885191189065977,58.72040675983583,0.39589675004266683,0.11774490000243532,8.44087833143381e-07,{'optimal': 96},PASS,True,3.1795169999822974,precision
2017-07-01,scalar,heatwave_dr,41,"{'rainflow_tolerance': 1e-06, 'max_cuts': 80}",-0.7629244388894079,0.0,2.9261620963906136e-05,8.442964521464064e-08,1.4656139375517458,0.0,0.702689498662338,0.702689498662338,0.5,0.0,0,0.0,0.0,0.27232267471282406,69.64620744086068,0.39589675004266683,0.10983777499495773,5.387047543187196e-07,{'optimal': 96},PASS,True,3.0171529999934137,precision
2017-07-01,waveform,ordinary,41,"{'rainflow_tolerance': 1e-06, 'max_cuts': 80}",-0.7560023841884336,0.0,2.9293967015076198e-05,5.501900643203766e-08,1.466348920946771,0.0,0.7103465367583375,0.7103465367583375,0.5,0.0,0,0.0,0.0,0.18138733043066244,58.723701189067725,0.39702942891004317,0.10638157499488443,5.389129167227003e-07,{'optimal': 96},PASS,True,3.0173203000158537,precision
2017-07-01,waveform,heatwave_dr,41,"{'rainflow_tolerance': 1e-06, 'max_cuts': 80}",-0.7509418063035489,0.0,2.9293967015076117e-05,8.450553981154266e-08,1.467233516948152,0.0,0.7162917106446032,0.7162917106446032,0.5,0.0,0,0.0,0.0,0.18165710274715413,69.64933745777176,0.39702942891003773,0.12352364998514531,5.389129168337226e-07,{'optimal': 96},PASS,True,3.739852200000314,precision
2017-07-01,full_mean,ordinary,41,"{'rainflow_tolerance': 1e-06, 'max_cuts': 80}",-0.7560023841884336,0.0,2.9293967015076198e-05,5.501900643203766e-08,1.466348920946771,0.0,0.7103465367583375,0.7103465367583375,0.5,0.0,0,0.0,0.0,0.05713241871341898,58.723701189067725,0.39702942891004317,0.11904674999823328,5.389129167227003e-07,{'optimal': 96},PASS,True,3.305779000016628,precision
2017-07-01,full_mean,heatwave_dr,41,"{'rainflow_tolerance': 1e-06, 'max_cuts': 80}",-0.7508712606794616,0.0,2.9294388493944948e-05,8.450665432887695e-08,1.4672546243271138,0.0,0.7163833636476522,0.7163833636476522,0.5,0.0,0,0.0,0.0,0.05699408620976793,69.64940984596213,0.39705709468350653,0.10919215000467375,6.153012467313701e-07,{'optimal': 96},PASS,True,2.8350365000078455,precision
2017-07-01,full,ordinary,41,"{'rainflow_tolerance': 1e-06, 'max_cuts': 80}",-0.7560023841884336,0.0,2.9293967015076198e-05,5.501900643203766e-08,1.466348920946771,0.0,0.7103465367583375,0.7103465367583375,0.5,0.0,0,0.0,0.0,0.5163165411491455,58.723701189067725,0.39702942891004317,0.12370689999806928,5.389129167227003e-07,{'optimal': 96},PASS,True,3.4789991000143345,precision
2017-10-01,scalar,ordinary,41,"{'rainflow_tolerance': 1e-06, 'max_cuts': 80}",28.522684950129626,0.0,5.864598969346607e-05,3.987592187527294e-07,2.944262261235885,0.0,31.46694721136551,31.46694721136551,0.5,0.0,0,0.0,0.0,0.4957359358576517,61.86672165382108,0.6939710640011402,0.06137422499159584,8.136638942612962e-07,{'optimal': 96},PASS,True,2.471034599991981,precision
2017-10-01,scalar,heatwave_dr,41,"{'rainflow_tolerance': 1e-06, 'max_cuts': 80}",28.522079015278923,0.0,5.863350634321206e-05,4.915156228326931e-07,2.9464207858455835,0.0,31.468499801124505,31.468499801124505,0.5,0.0,0,0.0,0.0,0.4957014685375349,71.54161064728014,0.6939710640011401,0.05876515001000371,8.136638942612962e-07,{'optimal': 96},PASS,True,2.5205398999969475,precision
2017-07-01,full,heatwave_dr,41,"{'rainflow_tolerance': 1e-06, 'max_cuts': 80}",-0.7508712581753985,0.0,2.9294388506901686e-05,8.450665521651901e-08,1.4672546250015799,0.0,0.7163833668261814,0.7163833668261814,0.5,0.0,0,0.0,0.0,0.5160152393096816,69.64940990107513,0.39705709553344787,0.11298387498391094,6.153030481237387e-07,{'optimal': 96},PASS,True,3.628928199992515,precision
2017-10-01,waveform,heatwave_dr,41,"{'rainflow_tolerance': 1e-06, 'max_cuts': 80}",28.521601164208825,0.0,5.867910977756722e-05,4.90872885571775e-07,2.9486816754455143,0.0,31.470282839654338,31.470282839654338,0.5,0.0,0,0.0,0.0,0.1840139098492663,71.54596944442531,0.6940134175884569,0.051095149996399414,3.605027727449084e-07,{'optimal': 96},PASS,True,2.124114800011739,precision
2017-10-01,waveform,ordinary,41,"{'rainflow_tolerance': 1e-06, 'max_cuts': 80}",28.522146408183083,0.0,5.8690470755934196e-05,3.9826911039943075e-07,2.946471611108693,0.0,31.468618019291775,31.468618019291775,0.5,0.0,0,0.0,0.0,0.18401361834136523,61.87112166638286,0.6940134175884587,0.0663797999950475,8.102636590567869e-07,{'optimal': 96},PASS,True,2.8656228999898303,precision
2017-10-01,full_mean,ordinary,41,"{'rainflow_tolerance': 1e-06, 'max_cuts': 80}",28.52221033058755,0.0,5.869059711923637e-05,3.984503639628646e-07,2.9464833668807042,0.0,31.468693697468254,31.468693697468254,0.5,0.0,0,0.0,0.0,0.06319598280982766,61.8747458792134,0.6940134175884569,0.04463620000024093,3.605027727449084e-07,{'optimal': 96},PASS,True,2.0801734999986365,precision
2017-10-01,full_mean,heatwave_dr,41,"{'rainflow_tolerance': 1e-06, 'max_cuts': 80}",28.521607822958615,0.0,5.867923609926691e-05,4.910962587658919e-07,2.9486946927263227,0.0,31.47030251568494,31.47030251568494,0.5,0.0,0,0.0,0.0,0.0631390241560022,71.54957726557254,0.6940134175884569,0.06944497500080615,3.605027727449084e-07,{'optimal': 96},PASS,True,2.7679225000028964,precision
2017-10-01,full,ordinary,41,"{'rainflow_tolerance': 1e-06, 'max_cuts': 80}",28.52220946134235,0.0,5.8690580825665933e-05,3.9842695429912504e-07,2.9464818499122707,0.0,31.46869131125462,31.46869131125462,0.5,0.0,0,0.0,0.0,0.516981402646619,61.874278555349335,0.6940134175884569,0.05529532500077039,3.605027727449084e-07,{'optimal': 96},PASS,True,2.4595616000005975,precision
2017-10-01,full,heatwave_dr,41,"{'rainflow_tolerance': 1e-06, 'max_cuts': 80}",28.52160696431374,0.0,5.867921981106351e-05,4.910674506092764e-07,2.948693014071454,0.0,31.470299978385192,31.470299978385192,0.5,0.0,0,0.0,0.0,0.5169832899409107,71.5491120551167,0.6940134175884569,0.06947262500034412,3.605027727449084e-07,{'optimal': 96},PASS,True,2.8265762999944855,precision
2017-05-01,oracle,ordinary,41,{'max_cuts': 160},63.2536357178227,0.0,7.340356643536406e-05,1.6300658217485434e-06,3.719080296420659,0.0,66.97271601424336,66.97271601424336,0.5,0.0,0,0.0,0.0,0.0,79.66131140685324,0.8531151056926165,0.0745817749921116,9.658316770833064e-05,{'optimal': 96},PASS,True,3.046692500007339,oracle_cut_recovery
2017-05-01,oracle,ordinary,73,{'max_cuts': 160},63.2536357178227,0.0,7.340356643536406e-05,1.6300658217485434e-06,3.719080296420659,0.0,66.97271601424336,66.97271601424336,0.5,0.0,0,0.0,0.0,0.0,79.66131140685324,0.8531151056926165,0.09058617499977117,9.658316770833064e-05,{'optimal': 96},PASS,True,3.0686945999914315,oracle_cut_recovery
