date,mode,regime,seed,overrides,operating_cost_USD,DR_cost_USD,battery_wear,converter_wear,wear_cost_USD,terminal_correction_USD,total_cost_USD,energy_adjusted_cost_USD,terminal_SOC,terminal_SOC_error,trip,thermal_exceedance_hours,DR_shortfall_kWh,Tj_RMSE_C,Tj_peak_C,FEC,solver_p95_seconds,max_rainflow_gap_USD,solver_status_counts,numerical_gate,terminal_service_met,elapsed_seconds
2017-01-01,economic,heatwave_dr,41,{},247.7636433960956,0.0,0.00013235435481994285,1.0814971908473565e-07,6.620962232569685,0.0,254.3846056286653,254.3846056286653,0.5,0.0,0,0.0,0.0,0.6023340139106305,59.43677499909283,1.2333624256210467,0.00660385000082897,0.0,{'optimal': 96},PASS,True,0.6198569000116549
2017-01-01,economic,ordinary,73,{},247.76592854809516,0.0,0.00013235435481994285,8.774251610578871e-08,6.620350016480316,0.0,254.3862785645755,254.3862785645755,0.5,0.0,0,0.0,0.0,0.6337166572763381,49.45650817143052,1.2333624256210465,0.006782250013202429,0.0,{'optimal': 96},PASS,True,0.6225386000005528
2017-01-01,economic,heatwave_dr,73,{},247.7636433960956,0.0,0.00013235435481994285,1.0814971908473565e-07,6.620962232569685,0.0,254.3846056286653,254.3846056286653,0.5,0.0,0,0.0,0.0,0.6434403606653665,59.43677499909283,1.2333624256210467,0.007079799986968283,0.0,{'optimal': 96},PASS,True,0.6301579000137281
2017-01-01,economic,ordinary,41,{},247.76592854809516,0.0,0.00013235435481994285,8.774251610578871e-08,6.620350016480316,0.0,254.3862785645755,254.3862785645755,0.5,0.0,0,0.0,0.0,0.5947012394797716,49.45650817143052,1.2333624256210465,0.0071093500082497485,0.0,{'optimal': 96},PASS,True,0.6367120000068098
2017-01-01,rainflow,heatwave_dr,41,{},247.65168078625663,0.0,0.00012723296139602628,1.0377249068208331e-07,6.364761244521777,0.0,254.01644203077842,254.01644203077842,0.5,0.0,0,0.0,0.0,0.5846159135773893,59.43310885760991,1.200000436794151,0.01574372497998411,5.6791766147590295e-05,{'optimal': 96},PASS,True,1.0846624999830965
2017-01-01,rainflow,ordinary,73,{},247.6570243505234,0.0,0.00012723296139602628,8.226987876342098e-08,6.364116166164217,0.0,254.0211405166876,254.0211405166876,0.5,0.0,0,0.0,0.0,0.5949244793775267,49.45837464298287,1.200000436794151,0.01624967499083141,8.366763573430802e-05,{'optimal': 96},PASS,True,1.137919900007546
2017-01-01,rainflow,heatwave_dr,73,{},247.65168078625663,0.0,0.00012723296139602628,1.0377249068208331e-07,6.364761244521777,0.0,254.01644203077842,254.01644203077842,0.5,0.0,0,0.0,0.0,0.613384102664829,59.43310885760991,1.200000436794151,0.015688425017287955,5.6791766147590295e-05,{'optimal': 96},PASS,True,1.1289752000011504
2017-01-01,rainflow,ordinary,41,{},247.6570243505234,0.0,0.00012723296139602628,8.226987876342098e-08,6.364116166164217,0.0,254.0211405166876,254.0211405166876,0.5,0.0,0,0.0,0.0,0.570449208558122,49.45837464298287,1.200000436794151,0.016377675005060155,8.366763573430802e-05,{'optimal': 96},PASS,True,1.1476309999998193
2017-01-01,scalar,ordinary,41,{},247.65510856912906,0.0,0.00012723289623068937,8.526612063265974e-08,6.364202795153448,0.0,254.01931136428252,254.01931136428252,0.5,0.0,0,0.0,0.0,0.5763478729872485,48.589641608728186,1.2,0.021496924986422528,8.881784197001252e-16,{'optimal': 96},PASS,True,1.6712299000064377
2017-01-01,scalar,ordinary,73,{},247.65510856912906,0.0,0.00012723289623068937,8.526612063265974e-08,6.364202795153448,0.0,254.01931136428252,254.01931136428252,0.5,0.0,0,0.0,0.0,0.6215182555871538,48.589641608728186,1.2,0.020619549999537412,8.881784197001252e-16,{'optimal': 96},PASS,True,1.6212900999817066
2017-01-01,scalar,heatwave_dr,41,{},247.65967128435693,0.006053508465146962,0.00012723289623068937,1.0973337715123311e-07,6.364936812849005,0.0,254.0306616056711,254.0306616056711,0.5,0.0,0,0.0,0.003026754232573481,0.573270037873293,58.598763016753196,1.2,0.021613925004203338,7.442217309971966e-06,{'optimal': 96},PASS,True,1.8711655999941286
2017-01-01,scalar,heatwave_dr,73,{},247.65967128435693,0.006053508465146962,0.00012723289623068937,1.0973337715123311e-07,6.364936812849005,0.0,254.0306616056711,254.0306616056711,0.5,0.0,0,0.0,0.003026754232573481,0.6167940075359144,58.598763016753196,1.2,0.021621825006150175,7.442217309971966e-06,{'optimal': 96},PASS,True,1.8746807999850716
2017-01-01,waveform,ordinary,73,{},247.6532932727979,0.0,0.00012723289623068937,8.676991314022137e-08,6.364247908928675,0.0,254.01754118172659,254.01754118172659,0.5,0.0,0,0.0,0.0,0.20568943535052167,48.69518070863482,1.2000000000000002,0.021342449988878798,8.881784197001252e-16,{'optimal': 96},PASS,True,1.6332303000090178
2017-01-01,waveform,ordinary,41,{},247.65284970583696,0.0,0.00012723289623068937,8.689328914975693e-08,6.364251610208961,0.0,254.0171013160459,254.0171013160459,0.5,0.0,0,0.0,0.0,0.1859074346471216,48.703031672848994,1.2000000000000002,0.022241150007175747,8.881784197001252e-16,{'optimal': 96},PASS,True,1.6795021999860182
2017-01-01,waveform,heatwave_dr,41,{},247.65864155139693,0.0014728148061884383,0.00012723289623068937,1.1186102388178253e-07,6.365000642250922,0.0,254.02511500845404,254.02511500845404,0.5,0.0,0,0.0,0.0007364074030942191,0.18598215701758367,58.714278739195464,1.2000000000000002,0.02191869999660412,6.8986616303945425e-06,{'optimal': 96},PASS,True,1.8728830999752972
2017-01-01,waveform,heatwave_dr,73,{},247.6590979631015,0.001996565988239496,0.00012723289623068937,1.1170584749045739e-07,6.3649959869591815,0.0,254.0260905160489,254.0260905160489,0.5,0.0,0,0.0,0.000998282994119748,0.20529002820681563,58.70667234701428,1.2,0.021964675004710443,6.81963011839315e-06,{'optimal': 96},PASS,True,1.8767417999915779
2017-01-01,infrared,ordinary,41,{},247.65510856912906,0.0,0.00012723289623068937,8.526612063265975e-08,6.364202795153448,0.0,254.01931136428252,254.01931136428252,0.5,0.0,0,0.0,0.0,0.5783093676328156,48.589641608728186,1.2,0.01993547500751447,8.881784197001252e-16,{'optimal': 96},PASS,True,1.3577243000036106
2017-01-01,infrared,ordinary,73,{},247.65510856912906,0.0,0.00012723289623068937,8.526612063265974e-08,6.364202795153448,0.0,254.01931136428252,254.01931136428252,0.5,0.0,0,0.0,0.0,0.5854966739548887,48.589641608728186,1.2,0.020179825005470775,8.881784197001252e-16,{'optimal': 96},PASS,True,1.4507035000133328
2017-01-01,infrared,heatwave_dr,73,{},247.65967128435693,0.006053508465146962,0.00012723289623068937,1.0973337715123311e-07,6.364936812849005,0.0,254.0306616056711,254.0306616056711,0.5,0.0,0,0.0,0.003026754232573481,0.5845736378194534,58.598763016753196,1.2,0.02187419999972917,7.442217309971966e-06,{'optimal': 96},PASS,True,1.6755970000231173
2017-01-01,infrared,heatwave_dr,41,{},247.65967128435693,0.006053508465146962,0.00012723289623068937,1.0973337715123311e-07,6.364936812849005,0.0,254.0306616056711,254.0306616056711,0.5,0.0,0,0.0,0.003026754232573481,0.5747971267414863,58.598763016753196,1.2,0.022200799990969244,7.442217309971966e-06,{'optimal': 96},PASS,True,1.863700499990955
2017-01-01,full_mean,ordinary,41,{},247.65284970583696,0.0,0.00012723289623068937,8.689328914975693e-08,6.364251610208961,0.0,254.0171013160459,254.0171013160459,0.5,0.0,0,0.0,0.0,0.07801620672399102,48.703031672848994,1.2000000000000002,0.021559274988248944,8.881784197001252e-16,{'optimal': 96},PASS,True,1.5736674999934621
2017-01-01,full_mean,ordinary,73,{},247.6532932727979,0.0,0.00012723289623068937,8.676991314022137e-08,6.364247908928675,0.0,254.01754118172659,254.01754118172659,0.5,0.0,0,0.0,0.0,0.06369461916910216,48.69518070863482,1.2000000000000002,0.026882550002483185,8.881784197001252e-16,{'optimal': 96},PASS,True,1.8527260999835562
2017-01-01,full_mean,heatwave_dr,41,{},247.65864155139693,0.0014728148061884383,0.00012723289623068937,1.1186102388178253e-07,6.365000642250922,0.0,254.02511500845404,254.02511500845404,0.5,0.0,0,0.0,0.0007364074030942191,0.07712448695892381,58.714278739195464,1.2000000000000002,0.02261387500038836,6.8986616303945425e-06,{'optimal': 96},PASS,True,1.9188495999842416
2017-01-01,full_mean,heatwave_dr,73,{},247.6590979631015,0.001996565988239496,0.00012723289623068937,1.1170584749045739e-07,6.3649959869591815,0.0,254.0260905160489,254.0260905160489,0.5,0.0,0,0.0,0.000998282994119748,0.06458059719024782,58.70667234701428,1.2,0.022563400016224477,6.81963011839315e-06,{'optimal': 96},PASS,True,1.8058217999932822
2017-01-01,full,ordinary,41,{},247.65284970583696,0.0,0.00012723289623068937,8.689328914975693e-08,6.364251610208961,0.0,254.0171013160459,254.0171013160459,0.5,0.0,0,0.0,0.0,0.516548904803998,48.703031672848994,1.2000000000000002,0.023014924983726814,8.881784197001252e-16,{'optimal': 96},PASS,True,1.8588759999838658
2017-01-01,full,ordinary,73,{},247.6532932727979,0.0,0.00012723289623068937,8.676991314022137e-08,6.364247908928675,0.0,254.01754118172659,254.01754118172659,0.5,0.0,0,0.0,0.0,0.5177648827829664,48.69518070863482,1.2000000000000002,0.021771050000097603,8.881784197001252e-16,{'optimal': 96},PASS,True,1.5781905000039842
2017-01-01,full,heatwave_dr,73,{},247.6590979631015,0.001996565988239496,0.00012723289623068937,1.1170584749045739e-07,6.3649959869591815,0.0,254.0260905160489,254.0260905160489,0.5,0.0,0,0.0,0.000998282994119748,0.5178204928222734,58.70667234701428,1.2,0.02175474999967264,6.81963011839315e-06,{'optimal': 96},PASS,True,1.7067672999983188
2017-01-01,full,heatwave_dr,41,{},247.65864155139693,0.0014728148061884383,0.00012723289623068937,1.1186102388178253e-07,6.365000642250922,0.0,254.02511500845404,254.02511500845404,0.5,0.0,0,0.0,0.0007364074030942191,0.5170440678317267,58.714278739195464,1.2000000000000002,0.021924874992691912,6.8986616303945425e-06,{'optimal': 96},PASS,True,1.8801021999970544
2017-01-01,oracle,ordinary,73,{},247.65276365212844,0.0,0.00012723289623068937,8.686394452140034e-08,6.36425072987011,0.0,254.01701438199856,254.01701438199856,0.5,0.0,0,0.0,0.0,0.0,48.701604028122425,1.2,0.022107874996436294,8.881784197001252e-16,{'optimal': 96},PASS,True,1.699760100018466
2017-01-01,oracle,ordinary,41,{},247.65276365212844,0.0,0.00012723289623068937,8.686394452140034e-08,6.36425072987011,0.0,254.01701438199856,254.01701438199856,0.5,0.0,0,0.0,0.0,0.0,48.701604028122425,1.2,0.02736804999585729,8.881784197001252e-16,{'optimal': 96},PASS,True,1.8647564999992028
2017-01-01,oracle,heatwave_dr,41,{},247.66079128112688,0.0012986967350379075,0.00012723289623068937,1.1179005191624679e-07,6.3649985130919555,0.0,254.02708849095387,254.02708849095387,0.5,0.0,0,0.0,0.0006493483675189538,0.0,58.71170067245757,1.2000000000000002,0.020285424994654022,6.718721184739707e-06,{'optimal': 96},PASS,True,1.4029595999745652
2017-02-01,economic,ordinary,41,{},239.96564724117445,0.0,0.00012657575332810823,3.4667564549252185e-08,6.329827693341889,0.0,246.29547493451633,246.29547493451633,0.5,0.0,0,0.0,0.0,0.5519170540510205,46.64864255097428,1.196636535630995,0.006451774999732152,0.0,{'optimal': 96},PASS,True,0.6066394000081345
2017-02-01,economic,ordinary,73,{},239.96564724117445,0.0,0.00012657575332810823,3.4667564549252185e-08,6.329827693341889,0.0,246.29547493451633,246.29547493451633,0.5,0.0,0,0.0,0.0,0.5012744460823626,46.64864255097428,1.196636535630995,0.010008099998231046,0.0,{'optimal': 96},PASS,True,0.9340375000028871
2017-01-01,oracle,heatwave_dr,73,{},247.66079128112688,0.0012986967350379075,0.00012723289623068937,1.1179005191624679e-07,6.3649985130919555,0.0,254.02708849095387,254.02708849095387,0.5,0.0,0,0.0,0.0006493483675189538,0.0,58.71170067245757,1.2000000000000002,0.022473874989373144,6.718721184739707e-06,{'optimal': 96},PASS,True,1.9168088000151329
2017-02-01,economic,heatwave_dr,73,{},240.2021934074295,0.0,0.00012419627687634268,3.988009356632532e-08,6.211010246624124,0.0,246.4132036540536,246.4132036540536,0.5,0.0,0,0.0,0.0,0.49585656132351685,56.09738837557006,1.184340617263648,0.009927500017511193,0.0,{'optimal': 96},PASS,True,0.9280468999932054
2017-02-01,economic,heatwave_dr,41,{},240.2021934074295,0.0,0.00012419627687634268,3.988009356632532e-08,6.211010246624124,0.0,246.4132036540536,246.4132036540536,0.5,0.0,0,0.0,0.0,0.5426803996697587,56.09738837557006,1.184340617263648,0.010404449989437126,0.0,{'optimal': 96},PASS,True,0.9587708000035491
2017-02-01,rainflow,ordinary,41,{},239.9675247312903,0.0,0.00012657575332810823,3.493611554733099e-08,6.3298357498718305,0.0,246.29736048116212,246.29736048116212,0.5,0.0,0,0.0,0.0,0.5510339700655882,46.64731560257572,1.1966365356309947,0.030975225003203377,2.5679677406742485e-07,{'optimal': 96},PASS,True,1.6466178999980912
2017-02-01,rainflow,heatwave_dr,73,{},240.203353664397,0.0,0.00012419627687634268,3.9883160044558696e-08,6.211010338618471,0.0,246.4143640030155,246.4143640030155,0.5,0.0,0,0.0,0.0,0.49817834056281646,56.05639181947872,1.184340617263648,0.019228299985115882,2.5679677406742485e-07,{'optimal': 96},PASS,True,1.0830693999887444
2017-02-01,rainflow,heatwave_dr,41,{},240.203353664397,0.0,0.00012419627687634268,3.9883160044558696e-08,6.211010338618471,0.0,246.4143640030155,246.4143640030155,0.5,0.0,0,0.0,0.0,0.5426004150748484,56.05639181947872,1.184340617263648,0.019577675011532847,2.5679677406742485e-07,{'optimal': 96},PASS,True,1.104464799980633
2017-02-01,rainflow,ordinary,73,{},239.9675247312903,0.0,0.00012657575332810823,3.493611554733099e-08,6.3298357498718305,0.0,246.29736048116212,246.29736048116212,0.5,0.0,0,0.0,0.0,0.5026222598938956,46.64731560257572,1.1966365356309947,0.031060424997122027,2.5679677406742485e-07,{'optimal': 96},PASS,True,1.6620119999861345
2017-02-01,scalar,ordinary,73,{},240.23806999733108,0.0,0.00012419627687634268,2.130790137929623e-07,6.2162062142309225,0.0,246.454276211562,246.454276211562,0.5,0.0,0,0.0,0.0,0.5286347561944026,56.193032710646506,1.184340617263648,0.02315722499770345,2.239138785498085e-07,{'optimal': 96},PASS,True,1.5547521999978926
2017-02-01,scalar,heatwave_dr,41,{},240.41704660824746,0.0,0.00012241583459306448,2.717976303265238e-07,6.12894565856302,0.0,246.5459922668105,246.5459922668105,0.5,0.0,0,0.0,0.0,0.5641303441016132,66.18800179670194,1.175015894155265,0.02501075000327546,2.239138785498085e-07,{'optimal': 96},PASS,True,1.564642699988326
2017-02-01,scalar,ordinary,41,{},240.23806999733108,0.0,0.00012419627687634268,2.130790137929623e-07,6.2162062142309225,0.0,246.454276211562,246.454276211562,0.5,0.0,0,0.0,0.0,0.5680676863982094,56.193032710646506,1.184340617263648,0.028095925001252908,2.239138785498085e-07,{'optimal': 96},PASS,True,1.94798319999245
2017-02-01,scalar,heatwave_dr,73,{},240.41704660824746,0.0,0.00012241583459306448,2.717976303265238e-07,6.12894565856302,0.0,246.5459922668105,246.5459922668105,0.5,0.0,0,0.0,0.0,0.528324136113962,66.18800179670194,1.175015894155265,0.02875152499473188,2.239138785498085e-07,{'optimal': 96},PASS,True,1.9614494999987073
2017-02-01,waveform,ordinary,73,{},240.00431637524946,0.0,0.00012673612166734562,2.1652220889456e-07,6.343301749634118,0.0,246.34761812488358,246.34761812488358,0.5,0.0,0,0.0,0.0,0.20365482191451,56.23953950793322,1.197458617636756,0.022114024999609683,2.239138785498085e-07,{'optimal': 96},PASS,True,1.5165366999863181
2017-02-01,waveform,ordinary,41,{},240.00629270064638,0.0,0.0001267481149656841,2.1664055623483347e-07,6.34390496497125,0.0,246.35019766561763,246.35019766561763,0.5,0.0,0,0.0,0.0,0.18688827378952313,56.243937873099554,1.1975200648457338,0.028259075006644707,2.239138785498085e-07,{'optimal': 96},PASS,True,1.689054299989948
2017-02-01,waveform,heatwave_dr,41,{},240.41740788779964,0.0,0.00012258610341947252,2.742248750144075e-07,6.1375319172240586,0.0,246.5549398050237,246.5549398050237,0.5,0.0,0,0.0,0.0,0.18760553238988995,66.24394763453044,1.1759123857998626,0.030392699998628814,1.139272602301844e-05,{'optimal': 96},PASS,True,1.9822666000109166
2017-02-01,waveform,heatwave_dr,73,{},240.41570691665135,0.0,0.0001225744738051126,2.741194804926862e-07,6.136947274670411,0.0,246.55265419132175,246.55265419132175,0.5,0.0,0,0.0,0.0,0.20390587962491855,66.23953950793322,1.1758511863910268,0.029094775003613904,1.1282208825846851e-05,{'optimal': 96},PASS,True,1.969436899991706
2017-02-01,infrared,ordinary,41,{},240.23806999733108,0.0,0.00012419627687634268,2.130790137929623e-07,6.2162062142309225,0.0,246.454276211562,246.454276211562,0.5,0.0,0,0.0,0.0,0.5830145521776001,56.193032710646506,1.184340617263648,0.028511699987575412,2.239138785498085e-07,{'optimal': 96},PASS,True,1.8133012999896891
2017-02-01,infrared,ordinary,73,{},240.23806999733108,0.0,0.00012419627687634268,2.130790137929623e-07,6.2162062142309225,0.0,246.454276211562,246.454276211562,0.5,0.0,0,0.0,0.0,0.5896848460325212,56.193032710646506,1.184340617263648,0.027640874992357567,2.239138785498085e-07,{'optimal': 96},PASS,True,1.7221661999938078
2017-02-01,infrared,heatwave_dr,41,{},240.41704660824746,0.0,0.00012241583459306448,2.717976303265238e-07,6.12894565856302,0.0,246.5459922668105,246.5459922668105,0.5,0.0,0,0.0,0.0,0.5835911605263181,66.18800179670194,1.175015894155265,0.028519700004835613,2.239138785498085e-07,{'optimal': 96},PASS,True,1.9445193000137806
2017-02-01,infrared,heatwave_dr,73,{},240.41704660824746,0.0,0.00012241583459306448,2.717976303265238e-07,6.12894565856302,0.0,246.5459922668105,246.5459922668105,0.5,0.0,0,0.0,0.0,0.5879106609410387,66.18800179670194,1.175015894155265,0.02879005001159385,2.239138785498085e-07,{'optimal': 96},PASS,True,1.9656299999915063
2017-02-01,full_mean,ordinary,73,{},240.00431637524946,0.0,0.00012673612166734562,2.1652220889456e-07,6.343301749634118,0.0,246.34761812488358,246.34761812488358,0.5,0.0,0,0.0,0.0,0.060792419578683365,56.23953950793322,1.197458617636756,0.022432550002122298,2.239138785498085e-07,{'optimal': 96},PASS,True,1.6515833000012208
2017-02-01,full_mean,ordinary,41,{},240.00629270064638,0.0,0.0001267481149656841,2.1664055623483347e-07,6.34390496497125,0.0,246.35019766561763,246.35019766561763,0.5,0.0,0,0.0,0.0,0.07329681314714288,56.243937873099554,1.1975200648457338,0.028158200009784196,2.239138785498085e-07,{'optimal': 96},PASS,True,1.945065900014015
2017-02-01,full_mean,heatwave_dr,41,{},240.41740788779964,0.0,0.00012258610341947252,2.742248750144075e-07,6.1375319172240586,0.0,246.5549398050237,246.5549398050237,0.5,0.0,0,0.0,0.0,0.07321163257341404,66.24394763453044,1.1759123857998626,0.023806274999515153,1.1392726361414418e-05,{'optimal': 96},PASS,True,1.6282099999953061
2017-02-01,full_mean,heatwave_dr,73,{},240.41570691665135,0.0,0.0001225744738051126,2.741194804926862e-07,6.136947274670411,0.0,246.55265419132175,246.55265419132175,0.5,0.0,0,0.0,0.0,0.05938889149296486,66.23953950793322,1.1758511863910268,0.029456950003805105,1.1282209185559111e-05,{'optimal': 96},PASS,True,1.966106599982595
2017-02-01,full,ordinary,41,{},240.00629270064638,0.0,0.0001267481149656841,2.1664055623483347e-07,6.34390496497125,0.0,246.35019766561763,246.35019766561763,0.5,0.0,0,0.0,0.0,0.5182278783128219,56.243937873099554,1.1975200648457338,0.028957525006262586,2.239138785498085e-07,{'optimal': 96},PASS,True,2.007531100010965
2017-02-01,full,ordinary,73,{},240.00431637524946,0.0,0.00012673612166734562,2.1652220889456e-07,6.343301749634118,0.0,246.34761812488358,246.34761812488358,0.5,0.0,0,0.0,0.0,0.518298694557384,56.23953950793322,1.197458617636756,0.02795012500428129,2.239138785498085e-07,{'optimal': 96},PASS,True,1.9354934000002686
2017-02-01,full,heatwave_dr,41,{},240.41740788779964,0.0,0.00012258610341947252,2.742248750144075e-07,6.1375319172240586,0.0,246.5549398050237,246.5549398050237,0.5,0.0,0,0.0,0.0,0.517920294233673,66.24394763453044,1.1759123857998626,0.028834750002715737,1.139272637740163e-05,{'optimal': 96},PASS,True,1.9387056999839842
2017-02-01,full,heatwave_dr,73,{},240.41570691665135,0.0,0.0001225744738051126,2.741194804926862e-07,6.136947274670411,0.0,246.55265419132175,246.55265419132175,0.5,0.0,0,0.0,0.0,0.5189359705810211,66.23953950793322,1.1758511863910268,0.029172549991926644,1.1282209284146916e-05,{'optimal': 96},PASS,True,1.9500847000163049
2017-02-01,oracle,ordinary,41,{},240.00630366229933,0.0,0.00012674835509781144,2.1640170896769976e-07,6.343909806159603,0.0,246.35021346845895,246.35021346845895,0.5,0.0,0,0.0,0.0,0.0,56.23567897744767,1.1975212951067775,0.029058324980724137,2.239138785498085e-07,{'optimal': 96},PASS,True,1.9781729000096675
2017-02-01,oracle,ordinary,73,{},240.00630366229933,0.0,0.00012674835509781144,2.1640170896769976e-07,6.343909806159603,0.0,246.35021346845895,246.35021346845895,0.5,0.0,0,0.0,0.0,0.0,56.23567897744767,1.1975212951067775,0.02835112500906689,2.239138785498085e-07,{'optimal': 96},PASS,True,1.9273516000248492
2017-02-01,oracle,heatwave_dr,41,{},240.4176636936316,0.0,0.00012258644188577363,2.739611095277831e-07,6.1375409275745145,0.0,246.55520462120612,246.55520462120612,0.5,0.0,0,0.0,0.0,0.0,66.23567897744766,1.1759141668661202,0.028646800004935358,1.1338964373663885e-05,{'optimal': 96},PASS,True,1.9183168000017758
2017-03-01,economic,ordinary,41,{},154.27597926336674,0.0,0.00017971774195805858,5.152425416069332e-07,9.001344374151136,0.0,163.27732363751787,163.27732363751787,0.5,0.0,0,0.0,0.0,0.6437014175423587,64.45705847892869,1.4849292389125122,0.010533724998822436,0.0,{'optimal': 96},PASS,True,0.9577590000117198
2017-03-01,economic,ordinary,73,{},154.27597926336674,0.0,0.00017971774195805858,5.152425416069332e-07,9.001344374151136,0.0,163.27732363751787,163.27732363751787,0.5,0.0,0,0.0,0.0,0.5951329972101457,64.45705847892869,1.4849292389125122,0.009936350012139883,0.0,{'optimal': 96},PASS,True,0.9292398999969009
2017-02-01,oracle,heatwave_dr,73,{},240.4176636936316,0.0,0.00012258644188577363,2.739611095277831e-07,6.1375409275745145,0.0,246.55520462120612,246.55520462120612,0.5,0.0,0,0.0,0.0,0.0,66.23567897744766,1.1759141668661202,0.029014275001827627,1.1338964373663885e-05,{'optimal': 96},PASS,True,1.9273667999950703
2017-03-01,economic,heatwave_dr,41,{},154.27927696713954,0.0,0.00017971774195805858,6.706702531038009e-07,9.006007205496042,0.0,163.28528417263558,163.28528417263558,0.5,0.0,0,0.0,0.0,0.6617632613383531,74.45705847892869,1.4849292389125124,0.009969150014512707,0.0,{'optimal': 96},PASS,True,0.939122599986149
2017-03-01,economic,heatwave_dr,73,{},154.27927696713954,0.0,0.00017971774195805858,6.706702531038009e-07,9.006007205496042,0.0,163.28528417263558,163.28528417263558,0.5,0.0,0,0.0,0.0,0.6133459978899146,74.45705847892869,1.4849292389125124,0.010681175015633926,0.0,{'optimal': 96},PASS,True,0.8680683000129648
2017-03-01,rainflow,ordinary,41,{},153.7505344847852,0.0,0.00014687136815014036,5.494221668323992e-07,7.36005107251199,0.0,161.11058555729718,161.11058555729718,0.5,0.0,0,0.0,0.0,0.5921247278389768,64.77318185367791,1.319483430605199,0.05893239998840727,5.559199862625874e-05,{'optimal': 96},PASS,True,2.124192799994489
2017-03-01,rainflow,ordinary,73,{},153.7505344847852,0.0,0.00014687136815014036,5.494221668323992e-07,7.36005107251199,0.0,161.11058555729718,161.11058555729718,0.5,0.0,0,0.0,0.0,0.5560550452508795,64.77318185367791,1.319483430605199,0.06461584998032777,5.559199862625874e-05,{'optimal': 96},PASS,True,2.35096050001448
2017-03-01,rainflow,heatwave_dr,41,{},153.75004640469922,0.0,0.00014687136815014036,7.320935790559395e-07,7.365531214878696,0.0,161.11557761957792,161.11557761957792,0.5,0.0,0,0.0,0.0,0.5779595691820437,74.77318185367791,1.319483430605199,0.063750475012057,5.559199862625874e-05,{'optimal': 96},PASS,True,2.337128199986182
2017-03-01,rainflow,heatwave_dr,73,{},153.75004640469922,0.0,0.00014687136815014036,7.320935790559395e-07,7.365531214878696,0.0,161.11557761957792,161.11557761957792,0.5,0.0,0,0.0,0.0,0.5462572459156124,74.77318185367791,1.319483430605199,0.06561452498863218,5.559199862625874e-05,{'optimal': 96},PASS,True,2.1170952999964356
2017-03-01,scalar,ordinary,41,{},153.73466649850457,0.0,0.0001468718990037009,5.104444909694335e-07,7.358908284914128,0.0,161.0935747834187,161.0935747834187,0.5,0.0,0,0.0,0.0,0.5030525460247799,64.40848049652857,1.31948639390783,0.047157025001069997,5.914934239070746e-05,{'optimal': 96},PASS,True,1.95223199998145
2017-03-01,scalar,heatwave_dr,73,{},153.7217942512881,0.0,0.0001468718990037009,6.558833520796023e-07,7.363271450747434,0.0,161.08506570203554,161.08506570203554,0.5,0.0,0,0.0,0.0,0.4842837647701157,74.40848049652857,1.3194863939078298,0.04377339999336982,6.835929903381555e-05,{'optimal': 96},PASS,True,2.0547083000128623
2017-03-01,scalar,ordinary,73,{},153.73466649850457,0.0,0.0001468718990037009,5.104444909694335e-07,7.358908284914128,0.0,161.0935747834187,161.0935747834187,0.5,0.0,0,0.0,0.0,0.4738427207831491,64.40848049652857,1.31948639390783,0.0690746749896789,5.914934239070746e-05,{'optimal': 96},PASS,True,2.660482899984345
2017-03-01,scalar,heatwave_dr,41,{},153.7217942512881,0.0,0.0001468718990037009,6.558833520796023e-07,7.363271450747434,0.0,161.08506570203554,161.08506570203554,0.5,0.0,0,0.0,0.0,0.5196350706039015,74.40848049652857,1.3194863939078298,0.06278017498698318,6.835929903381555e-05,{'optimal': 96},PASS,True,2.555388699984178
2017-03-01,waveform,ordinary,41,{},153.74517694243207,0.0,0.00014687503968565752,5.108266402088489e-07,7.359076783489141,0.0,161.1042537259212,161.1042537259212,0.5,0.0,0,0.0,0.0,0.1861242136452076,64.41418785920486,1.3195039254142347,0.06231814999773633,5.84036980253444e-05,{'optimal': 96},PASS,True,2.2889613000152167
2017-03-01,waveform,ordinary,73,{},153.74327247428755,0.0,0.00014687477736005267,5.111550946552882e-07,7.359073520842292,0.0,161.10234599512984,161.10234599512984,0.5,0.0,0,0.0,0.0,0.19942072692211488,64.41925649219365,1.3195024611102073,0.04817537500639446,5.846579601653801e-05,{'optimal': 96},PASS,True,2.1392951000016183
2017-03-01,waveform,heatwave_dr,41,{},153.7337983136914,0.0,0.00014687503968565752,6.648623605049414e-07,7.363697855098024,0.0,161.09749616878943,161.09749616878943,0.5,0.0,0,0.0,0.0,0.18534349847933732,74.41418785920486,1.3195039254142347,0.06514197499927832,6.844765998348379e-05,{'optimal': 96},PASS,True,2.5972148000146262
2017-03-01,waveform,heatwave_dr,73,{},153.73189351369618,0.0,0.00014687477736005267,6.652834440598455e-07,7.363697371324429,0.0,161.0955908850206,161.0955908850206,0.5,0.0,0,0.0,0.0,0.2012588748051024,74.41925649219364,1.3195024611102073,0.06398462499782909,6.844027654739904e-05,{'optimal': 96},PASS,True,2.5878691999823786
2017-03-01,infrared,ordinary,41,{},153.73466649850457,0.0,0.0001468718990037009,5.104444909694335e-07,7.358908284914128,0.0,161.0935747834187,161.0935747834187,0.5,0.0,0,0.0,0.0,0.5638979373175509,64.40848049652857,1.31948639390783,0.06795479999709642,5.914934239070746e-05,{'optimal': 96},PASS,True,2.2253968000004534
2017-03-01,infrared,ordinary,73,{},153.73466649850457,0.0,0.0001468718990037009,5.104444909694335e-07,7.358908284914128,0.0,161.0935747834187,161.0935747834187,0.5,0.0,0,0.0,0.0,0.5597553978138984,64.40848049652857,1.31948639390783,0.04943785000068601,5.914934239070746e-05,{'optimal': 96},PASS,True,1.999004999990575
2017-03-01,infrared,heatwave_dr,41,{},153.7217942512881,0.0,0.0001468718990037009,6.558833520796023e-07,7.363271450747434,0.0,161.08506570203554,161.08506570203554,0.5,0.0,0,0.0,0.0,0.5750221580179137,74.40848049652857,1.3194863939078298,0.0636577000041143,6.835929903381555e-05,{'optimal': 96},PASS,True,2.5710183999908622
2017-03-01,full_mean,ordinary,41,{},153.74517694243207,0.0,0.00014687503968565752,5.108266402088489e-07,7.359076783489141,0.0,161.1042537259212,161.1042537259212,0.5,0.0,0,0.0,0.0,0.06718208810691334,64.41418785920486,1.3195039254142347,0.04867954999645008,5.84036980253444e-05,{'optimal': 96},PASS,True,1.9344507999776397
2017-03-01,infrared,heatwave_dr,73,{},153.7217942512881,0.0,0.0001468718990037009,6.558833520796023e-07,7.363271450747434,0.0,161.08506570203554,161.08506570203554,0.5,0.0,0,0.0,0.0,0.5513561753439872,74.40848049652857,1.3194863939078298,0.06247665000410052,6.835929903381555e-05,{'optimal': 96},PASS,True,2.564356199989561
2017-03-01,full_mean,ordinary,73,{},153.74327247428755,0.0,0.00014687477736005267,5.111550946552882e-07,7.359073520842292,0.0,161.10234599512984,161.10234599512984,0.5,0.0,0,0.0,0.0,0.06457209081188427,64.41925649219365,1.3195024611102073,0.05332282501331065,5.846579601653801e-05,{'optimal': 96},PASS,True,2.005017100018449
2017-03-01,full_mean,heatwave_dr,41,{},153.7337983136914,0.0,0.00014687503968565752,6.648623605049414e-07,7.363697855098024,0.0,161.09749616878943,161.09749616878943,0.5,0.0,0,0.0,0.0,0.06667342651103296,74.41418785920486,1.3195039254142347,0.06317920001310995,6.844765998348379e-05,{'optimal': 96},PASS,True,2.5880641999829095
2017-03-01,full_mean,heatwave_dr,73,{},153.73189351369618,0.0,0.00014687477736005267,6.652834440598455e-07,7.363697371324429,0.0,161.0955908850206,161.0955908850206,0.5,0.0,0,0.0,0.0,0.06481393494042852,74.41925649219364,1.3195024611102073,0.05168589999084361,6.844027654739904e-05,{'optimal': 96},PASS,True,2.4565198000054806
2017-03-01,full,ordinary,41,{},153.74517694243207,0.0,0.00014687503968565752,5.108266402088489e-07,7.359076783489141,0.0,161.1042537259212,161.1042537259212,0.5,0.0,0,0.0,0.0,0.5169948676582655,64.41418785920486,1.3195039254142347,0.07276997499866411,5.84036980253444e-05,{'optimal': 96},PASS,True,2.679714600002626
2017-03-01,full,ordinary,73,{},153.74327247428755,0.0,0.00014687477736005267,5.111550946552882e-07,7.359073520842292,0.0,161.10234599512984,161.10234599512984,0.5,0.0,0,0.0,0.0,0.5171406571316723,64.41925649219365,1.3195024611102073,0.07053827500203624,5.846579601653801e-05,{'optimal': 96},PASS,True,2.6244180999929085
2017-03-01,full,heatwave_dr,41,{},153.7337983136914,0.0,0.00014687503968565752,6.648623605049414e-07,7.363697855098024,0.0,161.09749616878943,161.09749616878943,0.5,0.0,0,0.0,0.0,0.5180483730675973,74.41418785920486,1.3195039254142347,0.06360910000512376,6.844765998348379e-05,{'optimal': 96},PASS,True,2.5807840000197757
2017-03-01,full,heatwave_dr,73,{},153.73189351369618,0.0,0.00014687477736005267,6.652834440598455e-07,7.363697371324429,0.0,161.0955908850206,161.0955908850206,0.5,0.0,0,0.0,0.0,0.5178194348033344,74.41925649219364,1.3195024611102073,0.0666491000156384,6.844027654739904e-05,{'optimal': 96},PASS,True,2.649284199986141
2017-03-01,oracle,ordinary,41,{},153.74503412476804,0.0,0.00014687495523260164,5.107340928441117e-07,7.359069784415405,0.0,161.10410390918344,161.10410390918344,0.5,0.0,0,0.0,0.0,0.0,64.4126940130789,1.319503453996787,0.0730319750146009,5.842368622088756e-05,{'optimal': 96},PASS,True,2.656631499994546
2017-03-01,oracle,ordinary,73,{},153.74503412476804,0.0,0.00014687495523260164,5.107340928441117e-07,7.359069784415405,0.0,161.10410390918344,161.10410390918344,0.5,0.0,0,0.0,0.0,0.0,64.4126940130789,1.319503453996787,0.07032779998553451,5.842368622088756e-05,{'optimal': 96},PASS,True,2.613040900003398
2017-04-01,economic,ordinary,41,{},16.916990599966176,0.0,5.697731858514214e-05,1.5889850041131896e-06,2.896535479380503,0.0,19.81352607934668,19.81352607934668,0.5,0.0,0,0.0,0.0,0.37575822296379474,73.27661134217664,0.7034142013642575,0.00946597501024371,0.0,{'optimal': 96},PASS,True,0.9056399000110105
2017-04-01,economic,ordinary,73,{},16.916990599966176,0.0,5.697731858514214e-05,1.5889850041131896e-06,2.896535479380503,0.0,19.81352607934668,19.81352607934668,0.5,0.0,0,0.0,0.0,0.3815228020709709,73.27661134217664,0.7034142013642575,0.009402099996805191,0.0,{'optimal': 96},PASS,True,0.7494579000049271
2017-04-01,economic,heatwave_dr,41,{},16.916990599966176,0.0,5.697731858514214e-05,2.0402971320170113e-06,2.910074843217618,0.0,19.827065443183795,19.827065443183795,0.5,0.0,0,0.0,0.0,0.3757582229637939,83.27661134217665,0.7034142013642575,0.009440825000638142,0.0,{'optimal': 96},PASS,True,0.8959296999964863
2017-03-01,oracle,heatwave_dr,41,{},153.73365538919063,0.0,0.00014687495523260164,6.647434759742286e-07,7.363690065909309,0.0,161.09734545509994,161.09734545509994,0.5,0.0,0,0.0,0.0,0.0,74.4126940130789,1.319503453996787,0.06339930000831373,6.844528290139706e-05,{'optimal': 96},PASS,True,2.430494700005511
2017-03-01,oracle,heatwave_dr,73,{},153.73365538919063,0.0,0.00014687495523260164,6.647434759742286e-07,7.363690065909309,0.0,161.09734545509994,161.09734545509994,0.5,0.0,0,0.0,0.0,0.0,74.4126940130789,1.319503453996787,0.065471650006657,6.844528290139706e-05,{'optimal': 96},PASS,True,2.334878800000297
2017-04-01,economic,heatwave_dr,73,{},16.916990599966176,0.0,5.697731858514214e-05,2.0402971320170113e-06,2.910074843217618,0.0,19.827065443183795,19.827065443183795,0.5,0.0,0,0.0,0.0,0.38152280207096917,83.27661134217665,0.7034142013642575,0.010137750010471791,0.0,{'optimal': 96},PASS,True,0.8749703999783378
2017-04-01,rainflow,heatwave_dr,73,{},15.47321819860256,0.0,5.3667119206519655e-05,6.653536462165173e-07,2.7033165697124786,0.0,18.176534768315037,18.176534768315037,0.5,0.0,0,0.0,0.0,0.29327107466703367,77.00393694192387,0.7024052393963852,0.06000297498394502,7.376570861400422e-05,{'optimal': 96},PASS,True,2.100526499998523
2017-04-01,rainflow,ordinary,73,{},15.473218198602558,0.0,5.366711920651966e-05,5.181779406928395e-07,2.698901298546768,0.0,18.172119497149325,18.172119497149325,0.5,0.0,0,0.0,0.0,0.293271074667034,67.00393694192388,0.7024052393963851,0.07709055000304943,7.376570861400422e-05,{'optimal': 96},PASS,True,2.3984410999983083
2017-04-01,rainflow,heatwave_dr,41,{},15.47321819860256,0.0,5.3667119206519655e-05,6.653536462165173e-07,2.7033165697124786,0.0,18.176534768315037,18.176534768315037,0.5,0.0,0,0.0,0.0,0.271181345493269,77.00393694192387,0.7024052393963852,0.07230735001212452,7.376570861400422e-05,{'optimal': 96},PASS,True,2.666452899982687
2017-04-01,rainflow,ordinary,41,{},15.473218198602558,0.0,5.366711920651966e-05,5.181779406928395e-07,2.698901298546768,0.0,18.172119497149325,18.172119497149325,0.5,0.0,0,0.0,0.0,0.27118134549326833,67.00393694192388,0.7024052393963851,0.07623215000057826,7.376570861400422e-05,{'optimal': 96},PASS,True,2.905819200008409
2017-04-01,scalar,ordinary,41,{},15.952165413956683,0.0,5.338465959474986e-05,6.737939830676422e-07,2.6894467992295223,0.0,18.641612213186207,18.641612213186207,0.5,0.0,0,0.0,0.0,0.27373321491164043,69.08766237882858,0.6790141578392319,0.09341159999166848,9.189842205792331e-05,{'optimal': 96},PASS,True,3.4471713000093587
2017-04-01,scalar,ordinary,73,{},15.952165434079618,0.0,5.338465959474986e-05,6.737939833279829e-07,2.6894467992373325,0.0,18.64161223331695,18.64161223331695,0.5,0.0,0,0.0,0.0,0.29554017164930135,69.08766237882858,0.6790141578392319,0.08789335001347354,9.189842205792331e-05,{'optimal': 96},PASS,True,3.4610898999962956
2017-04-01,scalar,heatwave_dr,73,{},15.934003215039356,0.0,5.345803949661514e-05,8.683224298930228e-07,2.6989516477275477,0.0,18.632954862766905,18.632954862766905,0.5,0.0,0,0.0,0.0,0.29554836379657595,79.11383870174933,0.6790141578392319,0.08394572501856601,9.867349236264422e-05,{'optimal': 96},PASS,True,3.3121749999991152
2017-04-01,scalar,heatwave_dr,41,{},15.932760778312854,0.0,5.346312307288687e-05,8.685208778484749e-07,2.6992117799797977,0.0,18.631972558292652,18.631972558292652,0.5,0.0,0,0.0,0.0,0.27381492972415283,79.11565989081069,0.6790141578392318,0.08777135000855196,9.960527548696918e-05,{'optimal': 96},PASS,True,3.4103183999832254
2017-04-01,waveform,ordinary,41,{},15.989431813671727,0.0,5.326751637613645e-05,6.689642981090357e-07,2.683444747750093,0.0,18.67287656142182,18.67287656142182,0.5,0.0,0,0.0,0.0,0.18142222700245875,69.03004883906918,0.6791696820651976,0.08121364999533398,9.695915607535466e-05,{'optimal': 96},PASS,True,3.1135038000065833
2017-04-01,waveform,ordinary,73,{},15.989387501357768,0.0,5.326803100955361e-05,6.692678797192324e-07,2.6834795868692574,0.0,18.672867088227026,18.672867088227026,0.5,0.0,0,0.0,0.0,0.2017881226056485,69.03359010160487,0.6791494911973541,0.08431582499906654,9.682954294545909e-05,{'optimal': 96},PASS,True,3.36680270000943
2017-04-01,waveform,heatwave_dr,73,{},15.977147668147703,0.0,5.3316475833791066e-05,8.611737628405143e-07,2.691659004574769,0.0,18.66880667272247,18.66880667272247,0.5,0.0,0,0.0,0.0,0.20177438941817394,79.05058230401283,0.6791494911973541,0.09215724998648511,9.561009254757669e-05,{'optimal': 96},PASS,True,3.183505499997409
2017-04-01,waveform,heatwave_dr,41,{},15.97684175745741,0.0,5.331737076644923e-05,8.608366825689461e-07,2.6916936387995296,0.0,18.668535396256942,18.668535396256942,0.5,0.0,0,0.0,0.0,0.18141874709390163,79.04753882522385,0.6791696820651977,0.09561475001828512,9.39879180088532e-05,{'optimal': 96},PASS,True,3.595218100002967
2017-04-01,infrared,ordinary,41,{},15.952167485817395,0.0,5.338465959474986e-05,6.737940098832018e-07,2.689446800033989,0.0,18.641614285851382,18.641614285851382,0.5,0.0,0,0.0,0.0,0.5256197683675209,69.08766237882858,0.6790141578392319,0.08172827500675339,9.189842205792331e-05,{'optimal': 96},PASS,True,2.848036300012609
2017-04-01,infrared,heatwave_dr,41,{},15.93317603276639,0.0,5.346143181966333e-05,8.684548660058458e-07,2.699125236963342,0.0,18.63230126972973,18.63230126972973,0.5,0.0,0,0.0,0.0,0.5255662604569785,79.11505388913055,0.679014157839232,0.06274654999288032,9.929484783002818e-05,{'optimal': 96},PASS,True,2.741320600005565
2017-04-01,infrared,ordinary,73,{},15.952166994693567,0.0,5.338465959474986e-05,6.737940035247322e-07,2.689446799843235,0.0,18.641613794536802,18.641613794536802,0.5,0.0,0,0.0,0.0,0.5373173556433285,69.08766237882858,0.6790141578392319,0.08904887499375036,9.189842205792331e-05,{'optimal': 96},PASS,True,3.4674994999950286
2017-04-01,infrared,heatwave_dr,73,{},15.933540548391665,0.0,5.3459784994262665e-05,8.680764993793076e-07,2.6990315446945123,0.0,18.63257209308618,18.63257209308618,0.5,0.0,0,0.0,0.0,0.5371775337110771,79.1144639128816,0.6790141578392319,0.08430004999536322,9.899298971058346e-05,{'optimal': 96},PASS,True,3.4269108999869786
2017-04-01,full_mean,ordinary,41,{},15.989434203486589,0.0,5.326751637613644e-05,6.689643302861975e-07,2.683444748715408,0.0,18.672878952201998,18.672878952201998,0.5,0.0,0,0.0,0.0,0.0594288424144844,69.03004883906918,0.6791696820651976,0.08843800000613555,9.695915607535466e-05,{'optimal': 96},PASS,True,3.358326500019757
2017-04-01,full_mean,ordinary,73,{},15.989388728943005,0.0,5.326803100955358e-05,6.692678962608098e-07,2.683479587365503,0.0,18.67286831630851,18.67286831630851,0.5,0.0,0,0.0,0.0,0.05888753322653106,69.03359010160487,0.6791494911973539,0.08355622499948367,9.682954294545909e-05,{'optimal': 96},PASS,True,3.105184999993071
2017-04-01,full_mean,heatwave_dr,73,{},15.991765738365913,0.0,5.325764075201517e-05,8.589655262184735e-07,2.6886510033873123,0.0,18.680416741753227,18.680416741753227,0.5,0.0,0,0.0,0.0,0.058877456174903045,79.0299580950762,0.6791494911973541,0.08847564998723101,9.742466432205443e-05,{'optimal': 96},PASS,True,2.8147465999936685
2017-04-01,full_mean,heatwave_dr,41,{},15.992259491068516,0.0,5.3255325502975814e-05,8.585087114614256e-07,2.6885215364926336,0.0,18.68078102756115,18.68078102756115,0.5,0.0,0,0.0,0.0,0.05941728762777843,79.02578738224194,0.6791696820651978,0.08501529999921331,9.686790587074001e-05,{'optimal': 96},PASS,True,3.258032000012463
2017-04-01,full,ordinary,73,{},15.989389067376507,0.0,5.32680310095536e-05,6.692679008225575e-07,2.683479587502357,0.0,18.672868654878865,18.672868654878865,0.5,0.0,0,0.0,0.0,0.5205531860406416,69.03359010160487,0.6791494911973541,0.07703062500513624,9.682954294545909e-05,{'optimal': 96},PASS,True,2.7322538000007626
2017-04-01,full,ordinary,41,{},15.989433895266556,0.0,5.326751637613645e-05,6.689643261345498e-07,2.683444748590859,0.0,18.672878643857416,18.672878643857416,0.5,0.0,0,0.0,0.0,0.5163066524541078,69.03004883906918,0.6791696820651976,0.08515517500200076,9.695915607535466e-05,{'optimal': 96},PASS,True,3.306080899987137
2017-04-01,full,heatwave_dr,41,{},15.977144134355644,0.0,5.3316158682941884e-05,8.607909462941616e-07,2.691631662535919,0.0,18.668775796891563,18.668775796891563,0.5,0.0,0,0.0,0.0,0.5163028661388444,79.04711240877636,0.6791696820651976,0.08516225001221756,9.400393385394779e-05,{'optimal': 96},PASS,True,3.224940299987793
2017-04-01,full,heatwave_dr,73,{},15.991694295896533,0.0,5.325792891937148e-05,8.589762801860579e-07,2.6886657343741556,0.0,18.680360030270688,18.680360030270688,0.5,0.0,0,0.0,0.0,0.520553096567608,79.03005876712942,0.6791494911973541,0.08578765000856947,9.751037921396088e-05,{'optimal': 96},PASS,True,3.335497599997325
2017-04-01,oracle,ordinary,41,{},15.989454435512803,0.0,5.326763641476411e-05,6.687991499025369e-07,2.683445795235282,0.0,18.672900230748084,18.672900230748084,0.5,0.0,0,0.0,0.0,0.0,69.02810163017037,0.679160116734777,0.08364622500812402,9.6801418684761e-05,{'optimal': 96},PASS,True,3.2312055000220425
2017-04-01,oracle,ordinary,73,{},15.989454435512803,0.0,5.326763641476411e-05,6.687991499025369e-07,2.683445795235282,0.0,18.672900230748084,18.672900230748084,0.5,0.0,0,0.0,0.0,0.0,69.02810163017037,0.679160116734777,0.0862391499831574,9.6801418684761e-05,{'optimal': 96},PASS,True,3.3219498000107706
2017-05-01,economic,ordinary,41,{},65.65475072209671,0.0,8.150699408858412e-05,1.8853436807726995e-06,4.131910014852386,0.0,69.78666073694909,69.78666073694909,0.5,0.0,0,0.0,0.0,0.461506944162019,80.7049439269532,0.84359863062697,0.009388025006046519,0.0,{'optimal': 96},PASS,True,0.7608433999994304
2017-05-01,economic,ordinary,73,{},65.65475072209671,0.0,8.150699408858412e-05,1.8853436807726995e-06,4.131910014852386,0.0,69.78666073694909,69.78666073694909,0.5,0.0,0,0.0,0.0,0.49214769210097636,80.7049439269532,0.84359863062697,0.009513374985544942,0.0,{'optimal': 96},PASS,True,0.7139710999908857
2017-04-01,oracle,heatwave_dr,41,{},15.991996065683349,0.0,5.325658460359138e-05,8.583391920838376e-07,2.688579405942084,0.0,18.68057547162543,18.68057547162543,0.5,0.0,0,0.0,0.0,0.0,79.0242383334817,0.6791601167347769,0.08873807500640396,9.553262885128588e-05,{'optimal': 96},PASS,True,3.3393617999972776
2017-04-01,oracle,heatwave_dr,73,{},15.991996065683349,0.0,5.325658460359138e-05,8.583391920838376e-07,2.688579405942084,0.0,18.68057547162543,18.68057547162543,0.5,0.0,0,0.0,0.0,0.0,79.0242383334817,0.6791601167347769,0.08824932499555871,9.553262885128588e-05,{'optimal': 96},PASS,True,3.3119842000014614
2017-05-01,economic,heatwave_dr,41,{},65.65475072209671,0.0,8.150699408858412e-05,2.4208292053037644e-06,4.147974580588318,0.0,69.80272530268502,69.80272530268502,0.5,0.0,0,0.0,0.0,0.46150694416202004,90.7049439269532,0.84359863062697,0.010404374996141996,0.0,{'optimal': 96},PASS,True,0.7586711999902036
2017-05-01,economic,heatwave_dr,73,{},65.65475072209671,0.0,8.150699408858412e-05,2.4208292053037644e-06,4.147974580588318,0.0,69.80272530268502,69.80272530268502,0.5,0.0,0,0.0,0.0,0.49214769210097536,90.7049439269532,0.84359863062697,0.009313000002293848,0.0,{'optimal': 96},PASS,True,0.6319684000045527
2017-05-01,rainflow,heatwave_dr,41,{},63.593859383531836,0.0,7.474736194803317e-05,2.297937068154912e-06,3.8063062094463063,0.0,67.40016559297814,67.40016559297814,0.5,0.0,0,0.0,0.0,0.45018188280389143,90.23148273878513,0.8435986306269699,0.07492619999538874,9.385859442312405e-05,{'optimal': 96},PASS,True,2.2616820999828633
2017-05-01,rainflow,ordinary,41,{},63.593859383531836,0.0,7.474736194803317e-05,1.7896351881278553e-06,3.7910571530454944,0.0,67.38491653657734,67.38491653657734,0.5,0.0,0,0.0,0.0,0.45018188280388977,80.23148273878513,0.8435986306269699,0.07556370001839241,9.385859442312405e-05,{'optimal': 96},PASS,True,2.857221499987645
2017-05-01,rainflow,heatwave_dr,73,{},63.593859383531836,0.0,7.474736194803317e-05,2.297937068154912e-06,3.8063062094463063,0.0,67.40016559297814,67.40016559297814,0.5,0.0,0,0.0,0.0,0.48409464971431726,90.23148273878513,0.8435986306269699,0.05810344999918016,9.385859442312405e-05,{'optimal': 96},PASS,True,2.209287999983644
2017-05-01,rainflow,ordinary,73,{},63.593859383531836,0.0,7.474736194803317e-05,1.7896351881278553e-06,3.7910571530454944,0.0,67.38491653657734,67.38491653657734,0.5,0.0,0,0.0,0.0,0.4840946497143179,80.23148273878513,0.8435986306269699,0.07485897501464933,9.385859442312405e-05,{'optimal': 96},PASS,True,2.8755562999867834
2017-05-01,scalar,ordinary,41,{},63.24067022582828,0.0,7.328874007311047e-05,1.4440843743807482e-06,3.7077595348869457,0.0,66.94842976071523,66.94842976071523,0.5,0.0,0,0.0,0.0,0.44088716953401785,78.58986438100875,0.8522867896050935,0.08467050000763265,9.614360463425231e-05,{'optimal': 96},PASS,True,3.329543100000592
2017-05-01,scalar,heatwave_dr,41,{},63.24151324088394,0.0,7.328874007311047e-05,1.5618443183878666e-06,3.7112923332071595,0.0,66.9528055740911,66.9528055740911,0.5,0.0,0,0.0,0.0,0.4140982533834328,87.1093972336212,0.8522867896050935,0.10163342500163708,9.614360463425231e-05,{'optimal': 96},PASS,True,3.2369398000009824
2017-05-01,scalar,ordinary,73,{},63.240692695450775,0.0,7.328874007311047e-05,1.4419553980972143e-06,3.7076956655984397,0.0,66.94838836104921,66.94838836104921,0.5,0.0,0,0.0,0.0,0.47471474230535404,78.57696863250527,0.8522867896050935,0.10634242498053936,9.614360463425231e-05,{'optimal': 96},PASS,True,3.916321600001538
2017-05-01,scalar,heatwave_dr,73,{},63.24167913598089,0.0,7.328874007311047e-05,1.5571480652192668e-06,3.7111514456121015,0.0,66.95283058159299,66.95283058159299,0.5,0.0,0,0.0,0.0,0.44911568009919395,87.0836890770427,0.8522867896050935,0.10293052500492195,9.614360463425231e-05,{'optimal': 96},PASS,True,3.789048400009051
2017-05-01,waveform,ordinary,41,{},63.254181410912,0.0,7.340615456451163e-05,1.609462640865569e-06,3.7185916074515486,0.0,66.97277301836354,66.97277301836354,0.5,0.0,0,0.0,0.0,0.17939760343798722,79.54812076484157,0.8531347468595759,0.09293757499108324,9.657067007950992e-05,{'optimal': 96},PASS,True,3.0518864000041503
2017-05-01,waveform,ordinary,73,{},63.252253839178714,0.0,7.339697035216287e-05,1.5988923245715719e-06,3.7178152873452905,0.0,66.97006912652401,66.97006912652401,0.5,0.0,0,0.0,0.0,0.20321050644675304,79.4893779787314,0.8530680722053907,0.08705817498412216,9.658507969279029e-05,{'optimal': 96},PASS,True,2.902303699986078
2017-05-01,waveform,heatwave_dr,41,{},63.2542292957224,0.0,7.340615456451163e-05,1.574847106872193e-06,3.7175531414317473,0.0,66.97178243715415,66.97178243715415,0.5,0.0,0,0.0,0.0,0.18145729961257484,87.18248484470982,0.8531347468595759,0.10025867498916341,9.657067007973197e-05,{'optimal': 96},PASS,True,3.6528231000120286
2017-05-01,waveform,heatwave_dr,73,{},63.25181561431401,0.0,7.339697035216287e-05,1.5816727173529047e-06,3.7172986991287305,0.0,66.96911431344274,66.96911431344274,0.5,0.0,0,0.0,0.0,0.203177169654533,87.21918575943283,0.8530680722053907,0.10074202498799423,9.658507969279029e-05,{'optimal': 96},PASS,True,3.6651402999996208
2017-05-01,infrared,ordinary,41,{},63.240704501839815,0.0,7.328874007311047e-05,1.446362076448764e-06,3.7078278659489863,0.0,66.9485323677888,66.9485323677888,0.5,0.0,0,0.0,0.0,0.5523068605851511,78.60364327272612,0.8522867896050935,0.1085930749977706,9.614360463425231e-05,{'optimal': 96},PASS,True,3.917291199992178
2017-05-01,infrared,ordinary,73,{},63.24069731611035,0.0,7.328874007311047e-05,1.445376728948257e-06,3.707798305523971,0.0,66.94849562163432,66.94849562163432,0.5,0.0,0,0.0,0.0,0.5654626487751088,78.59768468387335,0.8522867896050935,0.10378752501128474,9.614360463425231e-05,{'optimal': 96},PASS,True,3.9180445999954827
2017-05-01,infrared,heatwave_dr,41,{},63.24133909723876,0.0,7.328874007311047e-05,1.569518391867612e-06,3.711522555411552,0.0,66.95286165265031,66.95286165265031,0.5,0.0,0,0.0,0.0,0.5521248341141015,87.15115729651573,0.8522867896050935,0.10354474998166552,9.614360463425231e-05,{'optimal': 96},PASS,True,3.7866309999953955
2017-05-01,infrared,heatwave_dr,73,{},63.24135804777284,0.0,7.328874007311047e-05,1.5688924575788185e-06,3.711503777382888,0.0,66.95286182515574,66.95286182515574,0.5,0.0,0,0.0,0.0,0.5621248757774162,87.14775196403437,0.8522867896050935,0.10835727500671055,9.614360463425231e-05,{'optimal': 96},PASS,True,3.8098484999791253
2017-05-01,full_mean,ordinary,41,{},63.25421062204109,0.0,7.340615456451163e-05,1.6323332222354125e-06,3.7192777248926436,0.0,66.97348834693373,66.97348834693373,0.5,0.0,0,0.0,0.0,0.0661538182878503,79.67373387999642,0.8531347468595759,0.0882517749996623,9.657067007950992e-05,{'optimal': 96},PASS,True,3.2672122000076342
2017-05-01,full_mean,ordinary,73,{},63.25226064408823,0.0,7.339697035216287e-05,1.6112489277041174e-06,3.718185985439267,0.0,66.9704466295275,66.9704466295275,0.5,0.0,0,0.0,0.0,0.05905907567708471,79.5578075378489,0.8530680722053907,0.10158394998143194,9.658507969279029e-05,{'optimal': 96},PASS,True,3.2865717000095174
2017-05-01,full_mean,heatwave_dr,41,{},63.25407159589978,0.0,7.340615456451163e-05,1.5839673784583099e-06,3.7178267495793307,0.0,66.9718983454791,66.9718983454791,0.5,0.0,0,0.0,0.0,0.06569574859538523,87.23175647877449,0.8531347468595759,0.10303849999036174,9.657067007973197e-05,{'optimal': 96},PASS,True,3.6977957999915816
2017-05-01,full_mean,heatwave_dr,73,{},63.25160360913877,0.0,7.339697035216287e-05,1.5916316782741505e-06,3.717597467956368,0.0,66.96920107709514,66.96920107709514,0.5,0.0,0,0.0,0.0,0.06017203543171804,87.2727572687717,0.8530680722053907,0.10149710000405321,9.658507969279029e-05,{'optimal': 96},PASS,True,3.6634789000090677
2017-05-01,full,ordinary,73,{},63.25226317246923,0.0,7.339697035216287e-05,1.6142642250622917e-06,3.7182764443600123,0.0,66.97053961682924,66.97053961682924,0.5,0.0,0,0.0,0.0,0.5186932506810574,79.57443879577274,0.8530680722053907,0.08861672498460393,9.658507969245722e-05,{'optimal': 96},PASS,True,3.0771251999831293
2017-05-01,full,ordinary,41,{},63.2542134286749,0.0,7.340615456451163e-05,1.6291839335829574e-06,3.71918324623307,0.0,66.97339667490797,66.97339667490797,0.5,0.0,0,0.0,0.0,0.5147218966710404,79.65652529078415,0.8531347468595759,0.08961245000682538,9.657067007962095e-05,{'optimal': 96},PASS,True,3.4962557000108063
2017-05-01,full,heatwave_dr,73,{},63.25159453547807,0.0,7.339697035216287e-05,1.5926209055262249e-06,3.7176271447739304,0.0,66.969221680252,66.969221680252,0.5,0.0,0,0.0,0.0,0.5181556538891642,87.27806628543964,0.8530680722053907,0.07341304999863496,9.658507969279029e-05,{'optimal': 96},PASS,True,3.0626691999787
2017-05-01,full,heatwave_dr,41,{},63.25408822364204,0.0,7.340615456451163e-05,1.58229328505559e-06,3.717776526777249,0.0,66.97186475041929,66.97186475041929,0.5,0.0,0,0.0,0.0,0.5134404257081998,87.22272763383485,0.8531347468595759,0.08437780000531347,9.657067007973197e-05,{'optimal': 96},PASS,True,3.5496847000031266
2017-05-01,oracle,ordinary,41,{},63.2536357178227,0.0,7.340356643536406e-05,1.6300658217485434e-06,3.719080296420659,0.0,66.97271601424336,66.97271601424336,0.5,0.0,0,0.0,0.0,0.0,79.66131140685324,0.8531151056926165,0.09731572500459151,0.0001420652107781556,"{'optimal': 95, 'cut_limit': 1}",REVISE,True,3.5234106999996584
2017-05-01,oracle,ordinary,73,{},63.2536357178227,0.0,7.340356643536406e-05,1.6300658217485434e-06,3.719080296420659,0.0,66.97271601424336,66.97271601424336,0.5,0.0,0,0.0,0.0,0.0,79.66131140685324,0.8531151056926165,0.08971747498435434,0.0001420652107781556,"{'optimal': 95, 'cut_limit': 1}",REVISE,True,3.6604051999747753
2017-06-01,economic,ordinary,41,{},-7.925172070941612,0.0,1.6764239771900472e-05,1.822416027245881e-08,0.8387587134031974,0.0,-7.086413357538414,-7.086413357538414,0.5,0.0,0,0.0,0.0,0.1894165081886647,52.73910696720533,0.3035280515411469,0.00938750000204891,0.0,{'optimal': 96},PASS,True,0.8496106000093278
2017-06-01,economic,ordinary,73,{},-7.925172070941612,0.0,1.6764239771900472e-05,1.822416027245881e-08,0.8387587134031974,0.0,-7.086413357538414,-7.086413357538414,0.5,0.0,0,0.0,0.0,0.2119492445671509,52.73910696720533,0.3035280515411469,0.009940674994140863,0.0,{'optimal': 96},PASS,True,0.9181039000104647
2017-06-01,economic,heatwave_dr,41,{},-7.924628774427019,0.0,1.6764239771900472e-05,3.263180270629099e-08,0.8391909426762124,0.0,-7.085437831750807,-7.085437831750807,0.5,0.0,0,0.0,0.0,0.19105688481252783,64.26620409303207,0.3035280515411469,0.009327150000899564,0.0,{'optimal': 96},PASS,True,0.8317798000061885
2017-05-01,oracle,heatwave_dr,41,{},63.25341725049232,0.0,7.340356643536406e-05,1.5845652327040827e-06,3.717715278749325,0.0,66.97113252924164,66.97113252924164,0.5,0.0,0,0.0,0.0,0.0,87.23494310040965,0.8531151056926165,0.09434112500457559,9.658316770833064e-05,{'optimal': 96},PASS,True,3.7904353000049014
2017-06-01,economic,heatwave_dr,73,{},-7.924628774427019,0.0,1.6764239771900472e-05,3.263180270629099e-08,0.8391909426762124,0.0,-7.085437831750807,-7.085437831750807,0.5,0.0,0,0.0,0.0,0.2142572785757827,64.26620409303207,0.3035280515411469,0.010096974998305086,0.0,{'optimal': 96},PASS,True,0.7109726000053342
2017-05-01,oracle,heatwave_dr,73,{},63.25341725049232,0.0,7.340356643536406e-05,1.5845652327040827e-06,3.717715278749325,0.0,66.97113252924164,66.97113252924164,0.5,0.0,0,0.0,0.0,0.0,87.23494310040965,0.8531151056926165,0.09189909999986412,9.658316770833064e-05,{'optimal': 96},PASS,True,3.784585400018841
2017-06-01,rainflow,ordinary,41,{},-8.516967132283384,0.0,1.7622852652139403e-05,1.6290522784230318e-08,0.881631348290497,0.0,-7.635335783992886,-7.635335783992886,0.5,0.0,0,0.0,0.0,0.18603040713139601,52.715444411092975,0.3035731419223869,0.07275529999606078,9.570510719666969e-05,{'optimal': 96},PASS,True,2.528362599987304
2017-06-01,rainflow,ordinary,73,{},-8.516967132283384,0.0,1.7622852652139403e-05,1.6290522784230318e-08,0.881631348290497,0.0,-7.635335783992886,-7.635335783992886,0.5,0.0,0,0.0,0.0,0.20532400119953148,52.715444411092975,0.3035731419223869,0.0764781249963562,9.570510719666969e-05,{'optimal': 96},PASS,True,2.74797630001558
2017-06-01,rainflow,heatwave_dr,41,{},-8.516967132283384,0.0,1.7622852652139403e-05,2.0917445306082437e-08,0.8817701559661526,0.0,-7.635196976317231,-7.635196976317231,0.5,0.0,0,0.0,0.0,0.186030407131397,62.715444411092975,0.3035731419223869,0.06641527500323718,9.570510719666969e-05,{'optimal': 96},PASS,True,2.5228976999933366
2017-06-01,rainflow,heatwave_dr,73,{},-8.516967132283384,0.0,1.7622852652139403e-05,2.0917445306082437e-08,0.8817701559661526,0.0,-7.635196976317231,-7.635196976317231,0.5,0.0,0,0.0,0.0,0.20532400119953056,62.715444411092975,0.3035731419223869,0.07327544999134261,9.570510719666969e-05,{'optimal': 96},PASS,True,2.7815967000206
2017-06-01,scalar,ordinary,41,{},-8.516670413751363,0.0,1.7622845832029205e-05,1.631909429335792e-08,0.881631864430261,0.0,-7.635038549321102,-7.635038549321102,0.5,0.0,0,0.0,0.0,0.1938585518999977,52.71544441440593,0.30352805154114687,0.067076300001645,9.767694351803247e-05,{'optimal': 96},PASS,True,2.9148311000026297
2017-06-01,scalar,ordinary,73,{},-8.516670413751363,0.0,1.7622845832029205e-05,1.631909429335792e-08,0.881631864430261,0.0,-7.635038549321102,-7.635038549321102,0.5,0.0,0,0.0,0.0,0.20716183309596978,52.71544441440593,0.30352805154114687,0.06530877500335919,9.767694351803247e-05,{'optimal': 96},PASS,True,2.8561366999929305
2017-06-01,scalar,heatwave_dr,41,{},-8.445104208779354,0.0,1.737106723114618e-05,2.0844767066850746e-08,0.8691787045693146,0.0,-7.575925504210039,-7.575925504210039,0.5,0.0,0,0.0,0.0,0.19317278513049002,62.71544441405228,0.30352998509930434,0.08939677499438403,9.497816758319289e-05,{'optimal': 96},PASS,True,3.1502065999957267
2017-06-01,scalar,heatwave_dr,73,{},-8.445104208779354,0.0,1.737106723114618e-05,2.0844767066850746e-08,0.8691787045693146,0.0,-7.575925504210039,-7.575925504210039,0.5,0.0,0,0.0,0.0,0.20710844828535455,62.71544441405228,0.30352998509930434,0.09164567502011778,9.497816758319289e-05,{'optimal': 96},PASS,True,3.1706311000161804
2017-06-01,waveform,ordinary,41,{},-8.511285899857086,0.0,1.763406413408412e-05,1.632316837790924e-08,0.8821929017555432,0.0,-7.629092998101543,-7.629092998101543,0.5,0.0,0,0.0,0.0,0.18090672022411106,52.71648869685636,0.30371424746043846,0.06182897501275875,9.760761763877301e-05,{'optimal': 96},PASS,True,2.464733200002229
2017-06-01,waveform,ordinary,73,{},-8.511294736718508,0.0,1.7632939151367422e-05,1.631419234963853e-08,0.8821363833388602,0.0,-7.629158353379648,-7.629158353379648,0.5,0.0,0,0.0,0.0,0.20053569199070093,52.714256479953576,0.3037042272418201,0.06476725001266459,9.751869729379692e-05,{'optimal': 96},PASS,True,2.856111300003249
2017-06-01,waveform,heatwave_dr,41,{},-8.440147908165716,0.0,1.7382936851323604e-05,2.084992605885109e-08,0.8697723403479458,0.0,-7.570375567817771,-7.570375567817771,0.5,0.0,0,0.0,0.0,0.1807982010744076,62.71648869651053,0.3037161934262636,0.06661650000751251,9.899716413006021e-05,{'optimal': 96},PASS,True,2.5085296999895945
2017-06-01,waveform,heatwave_dr,73,{},-8.44154946214326,0.0,1.7384009891097027e-05,2.0838378529534597e-08,0.8698256459107374,0.0,-7.571723816232524,-7.571723816232524,0.5,0.0,0,0.0,0.0,0.2005385729046996,62.71425647968272,0.30372087522171104,0.09097989999281708,9.059009078277169e-05,{'optimal': 96},PASS,True,3.272674799984088
2017-06-01,infrared,ordinary,41,{},-8.516670413751363,0.0,1.7622845832029205e-05,1.631909429335792e-08,0.881631864430261,0.0,-7.635038549321102,-7.635038549321102,0.5,0.0,0,0.0,0.0,0.5156867453930319,52.71544441440593,0.30352805154114687,0.06408652500249445,9.767694351803247e-05,{'optimal': 96},PASS,True,2.5207653999968898
2017-06-01,infrared,ordinary,73,{},-8.516670413751363,0.0,1.7622845832029205e-05,1.631909429335792e-08,0.881631864430261,0.0,-7.635038549321102,-7.635038549321102,0.5,0.0,0,0.0,0.0,0.5188031139507785,52.71544441440593,0.30352805154114687,0.06567670001095394,9.767694351803247e-05,{'optimal': 96},PASS,True,2.852728500001831
2017-06-01,infrared,heatwave_dr,41,{},-8.445104208779354,0.0,1.737106723114618e-05,2.0844767066850746e-08,0.8691787045693146,0.0,-7.575925504210039,-7.575925504210039,0.5,0.0,0,0.0,0.0,0.5153430821740728,62.71544441405228,0.30352998509930434,0.08627450000494719,9.497816758319289e-05,{'optimal': 96},PASS,True,3.1223505999951158
2017-06-01,full_mean,ordinary,41,{},-8.511285899857086,0.0,1.763406413408412e-05,1.632316837790924e-08,0.8821929017555432,0.0,-7.629092998101543,-7.629092998101543,0.5,0.0,0,0.0,0.0,0.05759729893169018,52.71648869685636,0.30371424746043846,0.05882364999706624,9.760761763877301e-05,{'optimal': 96},PASS,True,2.3613594000053126
2017-06-01,infrared,heatwave_dr,73,{},-8.445104208779354,0.0,1.737106723114618e-05,2.0844767066850746e-08,0.8691787045693146,0.0,-7.575925504210039,-7.575925504210039,0.5,0.0,0,0.0,0.0,0.5189872575647143,62.71544441405228,0.30352998509930434,0.0892390750159393,9.497816758319289e-05,{'optimal': 96},PASS,True,3.1669259000045713
2017-06-01,full_mean,ordinary,73,{},-8.511294736718508,0.0,1.7632939151367422e-05,1.631419234963853e-08,0.8821363833388602,0.0,-7.629158353379648,-7.629158353379648,0.5,0.0,0,0.0,0.0,0.05090959089213176,52.714256479953576,0.3037042272418201,0.06394864999310812,9.751869729379692e-05,{'optimal': 96},PASS,True,2.657661100005498
2017-06-01,full_mean,heatwave_dr,41,{},-8.440113508399222,0.0,1.738288301599519e-05,2.0849924787599594e-08,0.8697696485433875,0.0,-7.570343859855834,-7.570343859855834,0.5,0.0,0,0.0,0.0,0.05753868070491154,62.716488696497855,0.30371619086184093,0.07474732500122627,9.41438824064722e-05,{'optimal': 96},PASS,True,2.7631630999967456
2017-06-01,full,ordinary,41,{},-8.511285899857086,0.0,1.763406413408412e-05,1.632316837790924e-08,0.8821929017555432,0.0,-7.629092998101543,-7.629092998101543,0.5,0.0,0,0.0,0.0,0.5168365067428277,52.71648869685636,0.30371424746043846,0.0606383250124054,9.760761763877301e-05,{'optimal': 96},PASS,True,2.561293899983866
2017-06-01,full_mean,heatwave_dr,73,{},-8.44154946214326,0.0,1.7384009891097027e-05,2.0838378529534597e-08,0.8698256459107374,0.0,-7.571723816232524,-7.571723816232524,0.5,0.0,0,0.0,0.0,0.050911651316285396,62.71425647968272,0.30372087522171104,0.09335715000634082,9.059009078277169e-05,{'optimal': 96},PASS,True,3.1954231999989133
2017-06-01,full,ordinary,73,{},-8.511294736718508,0.0,1.7632939151367422e-05,1.631419234963853e-08,0.8821363833388602,0.0,-7.629158353379648,-7.629158353379648,0.5,0.0,0,0.0,0.0,0.5203239312396477,52.714256479953576,0.3037042272418201,0.06376889999955893,9.751869729379692e-05,{'optimal': 96},PASS,True,2.4039522999955807
2017-06-01,full,heatwave_dr,41,{},-8.441475863661806,0.0,1.738503257029128e-05,2.084988549396488e-08,0.8698771250793829,0.0,-7.571598738582423,-7.571598738582423,0.5,0.0,0,0.0,0.0,0.5167758835401144,62.716488696632844,0.30373774075763077,0.09130762500717537,9.699947771185657e-05,{'optimal': 96},PASS,True,3.252305300004082
2017-06-01,full,heatwave_dr,73,{},-8.439675973293353,0.0,1.7381078050502813e-05,2.0838361012677248e-08,0.869679053355521,0.0,-7.569996919937832,-7.569996919937832,0.5,0.0,0,0.0,0.0,0.5203219731684326,62.71425647964522,0.30372142478684033,0.08721894999325741,8.986040704173082e-05,{'optimal': 96},PASS,True,3.166727499978151
2017-06-01,oracle,ordinary,41,{},-8.511127923967067,0.0,1.763365871234364e-05,1.6319399758926473e-08,0.8821725176099499,0.0,-7.628955406357116,-7.628955406357116,0.5,0.0,0,0.0,0.0,0.0,52.7155529014834,0.3037128454462202,0.06638847501017153,9.757250368724879e-05,{'optimal': 96},PASS,True,2.8597650000010617
2017-06-01,oracle,ordinary,73,{},-8.511127923967067,0.0,1.763365871234364e-05,1.6319399758926473e-08,0.8821725176099499,0.0,-7.628955406357116,-7.628955406357116,0.5,0.0,0,0.0,0.0,0.0,52.7155529014834,0.3037128454462202,0.0665570749915787,9.757250368724879e-05,{'optimal': 96},PASS,True,2.8739828999969177
2017-07-01,economic,ordinary,41,{},0.17680225431948626,0.0,3.1180583387428545e-05,5.785027355269502e-08,1.5607646775780082,0.0,1.7375669318974944,1.7375669318974944,0.5,0.0,0,0.0,0.0,0.27431670356436455,58.73612162412582,0.419575132022816,0.009800400002859533,0.0,{'optimal': 96},PASS,True,0.8967854999937117
2017-07-01,economic,ordinary,73,{},0.17680225431948626,0.0,3.1180583387428545e-05,5.785027355269502e-08,1.5607646775780082,0.0,1.7375669318974944,1.7375669318974944,0.5,0.0,0,0.0,0.0,0.2859383364657048,58.73612162412582,0.419575132022816,0.006800275012210477,0.0,{'optimal': 96},PASS,True,0.6038792000035755
2017-07-01,economic,heatwave_dr,73,{},0.17680225431948626,0.0,3.1180583387428545e-05,7.428122160399914e-08,1.5612576060195473,0.0,1.7380598603390336,1.7380598603390336,0.5,0.0,0,0.0,0.0,0.2859383364657053,68.73612162412583,0.419575132022816,0.009795749989280012,0.0,{'optimal': 96},PASS,True,0.7206083000055514
2017-07-01,economic,heatwave_dr,41,{},0.17680225431948626,0.0,3.1180583387428545e-05,7.428122160399914e-08,1.5612576060195473,0.0,1.7380598603390336,1.7380598603390336,0.5,0.0,0,0.0,0.0,0.27431670356436555,68.73612162412583,0.419575132022816,0.009810700008529238,0.0,{'optimal': 96},PASS,True,0.9050907999917399
2017-06-01,oracle,heatwave_dr,41,{},-8.440572496999277,0.0,1.7383459022654613e-05,2.0845054821012442e-08,0.869798302777361,0.0,-7.570774194221916,-7.570774194221916,0.5,0.0,0,0.0,0.0,0.0,62.715552901206856,0.3037297377751647,0.09252595000725705,9.455286659262874e-05,{'optimal': 96},PASS,True,3.2796651999815367
2017-06-01,oracle,heatwave_dr,73,{},-8.440572496999277,0.0,1.7383459022654613e-05,2.0845054821012442e-08,0.869798302777361,0.0,-7.570774194221916,-7.570774194221916,0.5,0.0,0,0.0,0.0,0.0,62.715552901206856,0.3037297377751647,0.06485067500761943,9.455286659262874e-05,{'optimal': 96},PASS,True,2.7693160999915563
2017-07-01,rainflow,ordinary,73,{},0.1692011467437804,0.0,3.111239027737335e-05,6.965560631564288e-08,1.5577091820581368,0.0,1.7269103288019172,1.7269103288019172,0.5,0.0,0,0.0,0.0,0.3090388323483779,59.62723005217081,0.4152831466705703,0.07358542498695897,8.442808477324149e-05,{'optimal': 96},PASS,True,2.097485800011782
2017-07-01,rainflow,heatwave_dr,41,{},0.1692011467437804,0.0,3.111239027737335e-05,8.943956892408079e-08,1.55830270093639,0.0,1.7275038476801703,1.7275038476801703,0.5,0.0,0,0.0,0.0,0.28869353621459043,69.62723005217082,0.4152831466705703,0.06687735001469264,8.442808477324149e-05,{'optimal': 96},PASS,True,2.053796800028067
2017-07-01,rainflow,ordinary,41,{},0.1692011467437804,0.0,3.111239027737335e-05,6.965560631564288e-08,1.5577091820581368,0.0,1.7269103288019172,1.7269103288019172,0.5,0.0,0,0.0,0.0,0.28869353621458943,59.62723005217081,0.4152831466705703,0.08936440000252333,8.442808477324149e-05,{'optimal': 96},PASS,True,2.5244245000067167
2017-07-01,rainflow,heatwave_dr,73,{},0.1692011467437804,0.0,3.111239027737335e-05,8.943956892408079e-08,1.55830270093639,0.0,1.7275038476801703,1.7275038476801703,0.5,0.0,0,0.0,0.0,0.30903883234837826,69.62723005217082,0.4152831466705703,0.08785637500113808,8.442808477324149e-05,{'optimal': 96},PASS,True,2.4490485999849625
2017-07-01,scalar,ordinary,41,{},-0.7684514724217455,0.0,2.925910095746502e-05,5.514798697516554e-08,1.464609487482506,0.0,0.6961580150607605,0.6961580150607605,0.5,0.0,0,0.0,0.0,0.26885172955165343,58.71985755626635,0.39572255621890423,0.11541667499113828,4.8800330639087175e-05,{'optimal': 96},PASS,True,3.176112799992552
2017-07-01,scalar,ordinary,73,{},-0.7693642336439859,0.0,2.925910095746502e-05,5.580010173007106e-08,1.4646290509251532,0.0,0.6952648172811673,0.6952648172811673,0.5,0.0,0,0.0,0.0,0.2839781377544314,58.71985755626635,0.39572255621890423,0.1127682500082301,4.8800330639087175e-05,{'optimal': 96},PASS,True,3.131082099978812
2017-07-01,scalar,heatwave_dr,41,{},-0.7633657569118308,0.0,2.9259100957465016e-05,8.44229373631177e-08,1.4654877359941443,0.0,0.7021219790823134,0.7021219790823134,0.5,0.0,0,0.0,0.0,0.2723233433685922,69.64576852016738,0.3957225562189041,0.11650957498932257,6.387069549720903e-05,{'optimal': 96},PASS,True,3.4357316000096034
2017-07-01,scalar,heatwave_dr,73,{},-0.7633657550169455,0.0,2.925910095746502e-05,8.442294205466356e-08,1.4654877361348908,0.0,0.7021219811179453,0.7021219811179453,0.5,0.0,0,0.0,0.0,0.28884153717264716,69.64576881102457,0.39572255621890423,0.11388887497741962,6.333281916490185e-05,{'optimal': 96},PASS,True,3.3615692000021227
2017-07-01,waveform,ordinary,73,{},-0.7554335939916998,0.0,2.9293976555993157e-05,5.515172758673961e-08,1.4663533796272599,0.0,0.71091978563556,0.71091978563556,0.5,0.0,0,0.0,0.0,0.20148916076407028,58.718446788325764,0.396902083695214,0.10969140000088373,5.16152750059673e-05,{'optimal': 96},PASS,True,3.0902967999863904
2017-07-01,waveform,ordinary,41,{},-0.7563756518120819,0.0,2.9291859416076374e-05,5.5014192322077966e-08,1.4662433965734811,0.0,0.7098677447613992,0.7098677447613992,0.5,0.0,0,0.0,0.0,0.18138515028442725,58.72325202744432,0.39689055921402644,0.11006532499595778,5.159933360629476e-05,{'optimal': 96},PASS,True,3.209850600018399
2017-07-01,waveform,heatwave_dr,41,{},-0.7527092557541448,0.0,2.9283557457167298e-05,8.447783054862926e-08,1.4667122077748238,0.0,0.714002952020679,0.714002952020679,0.5,0.0,0,0.0,0.0,0.18165496377603532,69.6475341126866,0.39633465964039977,0.11718570000084583,9.030823171835012e-05,{'optimal': 96},PASS,True,3.4395375000021886
2017-07-01,waveform,heatwave_dr,73,{},-0.7517896496472045,0.0,2.928552490814229e-05,8.468854376453609e-08,1.4668169017200505,0.0,0.715027252072846,0.715027252072846,0.5,0.0,0,0.0,0.0,0.20128652690275783,69.64304888684052,0.39633592347571106,0.11216589999821736,9.139142014022439e-05,{'optimal': 96},PASS,True,3.1663824999995995
2017-07-01,infrared,ordinary,41,{},-0.7685771870846523,0.0,2.925910095746502e-05,5.495508637699038e-08,1.4646037004645607,0.0,0.6960265133799084,0.6960265133799084,0.5,0.0,0,0.0,0.0,0.5112704801838379,58.71985755626635,0.39572255621890423,0.1121639250050066,4.8800330639087175e-05,{'optimal': 96},PASS,True,3.2455202999990433
2017-07-01,infrared,ordinary,73,{},-0.7693642336439859,0.0,2.925910095746502e-05,5.580010173007106e-08,1.4646290509251532,0.0,0.6952648172811673,0.6952648172811673,0.5,0.0,0,0.0,0.0,0.5214378234192,58.71985755626635,0.39572255621890423,0.11678212502010865,4.8800330639087175e-05,{'optimal': 96},PASS,True,3.304838899988681
2017-07-01,infrared,heatwave_dr,41,{},-0.7641528052862419,0.0,2.9259100957465016e-05,8.568720543420475e-08,1.4655256640362768,0.0,0.701372858750035,0.701372858750035,0.5,0.0,0,0.0,0.0,0.5095733205747512,69.64576824156,0.3957225562189041,0.11204382498544874,6.386921985043759e-05,{'optimal': 96},PASS,True,3.2619249999988824
2017-07-01,infrared,heatwave_dr,73,{},-0.7633657573928816,0.0,2.925910095746502e-05,8.442293617208257e-08,1.4654877359584133,0.0,0.7021219785655317,0.7021219785655317,0.5,0.0,0,0.0,0.0,0.5227961129589546,69.64576844632793,0.39572255621890423,0.11425827498896979,6.333526113677657e-05,{'optimal': 96},PASS,True,3.3549690999789163
2017-07-01,full_mean,ordinary,73,{},-0.7554335939916998,0.0,2.9293976555993157e-05,5.515172758673961e-08,1.4663533796272599,0.0,0.71091978563556,0.71091978563556,0.5,0.0,0,0.0,0.0,0.05272827276592095,58.718446788325764,0.396902083695214,0.109459674997197,5.16152750059673e-05,{'optimal': 96},PASS,True,3.05506460001925
2017-07-01,full_mean,ordinary,41,{},-0.7563756518120819,0.0,2.9291859416076374e-05,5.5014192322077966e-08,1.4662433965734811,0.0,0.7098677447613992,0.7098677447613992,0.5,0.0,0,0.0,0.0,0.0571304843903563,58.72325202744432,0.39689055921402644,0.11022442500689067,5.159933360629476e-05,{'optimal': 96},PASS,True,3.249468000023626
2017-07-01,full_mean,heatwave_dr,41,{},-0.7527092496321441,0.0,2.9283557505219948e-05,8.447782534000275e-08,1.4667122100211973,0.0,0.7140029603890532,0.7140029603890532,0.5,0.0,0,0.0,0.0,0.0569924083224106,69.6475337902271,0.3963346629005668,0.11607197498960886,9.030797345929709e-05,{'optimal': 96},PASS,True,3.4602695000066888
2017-07-01,full_mean,heatwave_dr,73,{},-0.7517716379217223,0.0,2.928562971343893e-05,8.46888189056579e-08,1.4668221502391163,0.0,0.715050512317394,0.715050512317394,0.5,0.0,0,0.0,0.0,0.052825420236922334,69.64306681842933,0.39634303763967743,0.11157387500134064,9.041808393756012e-05,{'optimal': 96},PASS,True,3.1807991999958176
2017-07-01,full,ordinary,73,{},-0.7554335939916998,0.0,2.9293976555993157e-05,5.515172758673961e-08,1.4663533796272599,0.0,0.71091978563556,0.71091978563556,0.5,0.0,0,0.0,0.0,0.5193950150962144,58.718446788325764,0.396902083695214,0.10930514999927254,5.16152750059673e-05,{'optimal': 96},PASS,True,2.752450100000715
2017-07-01,full,ordinary,41,{},-0.7563756518120819,0.0,2.9291859416076374e-05,5.5014192322077966e-08,1.4662433965734811,0.0,0.7098677447613992,0.7098677447613992,0.5,0.0,0,0.0,0.0,0.516315504856786,58.72325202744432,0.39689055921402644,0.10875790000864072,5.159933360629476e-05,{'optimal': 96},PASS,True,3.2401207000075374
2017-07-01,full,heatwave_dr,41,{},-0.7527313297940563,0.0,2.928342900916438e-05,8.447748251839384e-08,1.4667057749337709,0.0,0.7139744451397145,0.7139744451397145,0.5,0.0,0,0.0,0.0,0.5160143264280228,69.64751141880518,0.39632594317690667,0.0777794000096037,9.12928988810735e-05,{'optimal': 96},PASS,True,2.764336499996716
2017-07-01,full,heatwave_dr,73,{},-0.7517716386980777,0.0,2.928562970899927e-05,8.468881886027017e-08,1.4668221500157717,0.0,0.7150505113176939,0.7150505113176939,0.5,0.0,0,0.0,0.0,0.5193240787476083,69.64306681558311,0.39634303733836546,0.1120554500084836,9.041810778182002e-05,{'optimal': 96},PASS,True,3.0195205000054557
2017-07-01,oracle,ordinary,41,{},-0.7560873321665094,0.0,2.9292847025250283e-05,5.5212702406699995e-08,1.4662987323347152,0.0,0.7102114001682058,0.7102114001682058,0.5,0.0,0,0.0,0.0,0.0,58.72420072568948,0.3968997889907694,0.097573974984698,5.1602325963184814e-05,{'optimal': 96},PASS,True,2.788595100020757
2017-07-01,oracle,ordinary,73,{},-0.7560873321665094,0.0,2.9292847025250283e-05,5.5212702406699995e-08,1.4662987323347152,0.0,0.7102114001682058,0.7102114001682058,0.5,0.0,0,0.0,0.0,0.0,58.72420072568948,0.3968997889907694,0.11373985000682296,5.1602325963184814e-05,{'optimal': 96},PASS,True,3.214498600020306
2017-08-01,economic,ordinary,41,{},21.41654939616715,0.0,5.181602560075881e-05,2.0461739389593076e-07,2.596939801854819,0.0,24.01348919802197,24.01348919802197,0.5,0.0,0,0.0,0.0,0.4261771683880541,63.604686783996925,0.6442116822383642,0.009613949994673021,0.0,{'optimal': 96},PASS,True,0.9017499999899883
2017-07-01,oracle,heatwave_dr,41,{},-0.7524438636459443,0.0,2.9284407361124805e-05,8.477523535479769e-08,1.466763625116884,0.0,0.7143197614709398,0.7143197614709398,0.5,0.0,0,0.0,0.0,0.0,69.64851364708241,0.39633460551321,0.11929350000718841,9.13412923624346e-05,{'optimal': 96},PASS,True,3.304183500004001
2017-08-01,economic,ordinary,73,{},21.41654939616715,0.0,5.181602560075881e-05,2.0461739389593076e-07,2.596939801854819,0.0,24.01348919802197,24.01348919802197,0.5,0.0,0,0.0,0.0,0.44156958258008255,63.604686783996925,0.6442116822383642,0.009707725002954248,0.0,{'optimal': 96},PASS,True,0.9055761000199709
2017-08-01,economic,heatwave_dr,41,{},21.53655560826451,0.0,5.181602560075881e-05,2.7367534669709886e-07,2.5990115404388536,0.0,24.135567148703366,24.135567148703366,0.5,0.0,0,0.0,0.0,0.41758093343462044,73.60468678399693,0.6442116822383642,0.009843325002293568,0.0,{'optimal': 96},PASS,True,0.901988400000846
2017-07-01,oracle,heatwave_dr,73,{},-0.7524438636459443,0.0,2.9284407361124805e-05,8.477523535479769e-08,1.466763625116884,0.0,0.7143197614709398,0.7143197614709398,0.5,0.0,0,0.0,0.0,0.0,69.64851364708241,0.39633460551321,0.12490774999605492,9.13412923624346e-05,{'optimal': 96},PASS,True,3.3997998999839183
2017-08-01,economic,heatwave_dr,73,{},21.53655560826451,0.0,5.181602560075881e-05,2.7367534669709886e-07,2.5990115404388536,0.0,24.135567148703366,24.135567148703366,0.5,0.0,0,0.0,0.0,0.42564616944327494,73.60468678399693,0.6442116822383642,0.0099034749873681,0.0,{'optimal': 96},PASS,True,0.9141907000157516
2017-08-01,rainflow,ordinary,41,{},17.780910712440757,0.0,5.7583569652858854e-05,3.3329739530428666e-07,2.889177404502071,0.0,20.67008811694283,20.67008811694283,0.5,0.0,0,0.0,0.0,0.3436411189762443,67.17819837422311,0.716355437875032,0.08165707499574637,6.571226219020954e-05,{'optimal': 96},PASS,True,2.424234099977184
2017-08-01,rainflow,ordinary,73,{},17.780910712440757,0.0,5.7583569652858854e-05,3.3329739530428666e-07,2.889177404502071,0.0,20.67008811694283,20.67008811694283,0.5,0.0,0,0.0,0.0,0.3326274860206086,67.17819837422311,0.716355437875032,0.08145444999536267,6.571226219020954e-05,{'optimal': 96},PASS,True,2.4228595000167843
2017-08-01,rainflow,heatwave_dr,41,{},17.781827294461646,0.0,5.7583569652858854e-05,4.3041166308242446e-07,2.8920908325354153,0.0,20.673918126997062,20.673918126997062,0.5,0.0,0,0.0,0.0,0.3515833570432694,77.17819837422313,0.716355437875032,0.0853190499910852,6.571226219020954e-05,{'optimal': 96},PASS,True,2.518187899986515
2017-08-01,rainflow,heatwave_dr,73,{},17.781827294461646,0.0,5.7583569652858854e-05,4.3041166308242446e-07,2.8920908325354153,0.0,20.673918126997062,20.673918126997062,0.5,0.0,0,0.0,0.0,0.34733997160820734,77.17819837422313,0.716355437875032,0.08274549997440772,6.571226219020954e-05,{'optimal': 96},PASS,True,2.4619478000095114
2017-08-01,scalar,heatwave_dr,41,{},17.324628548437783,0.0,5.338972491098142e-05,2.2951445706832818e-07,2.6763716792611207,0.0,20.001000227698903,20.001000227698903,0.5,0.0,0,0.0,0.0,0.30183143718598493,73.50659252824198,0.6699385221748079,0.08540097501099808,7.34428311957025e-05,{'optimal': 96},PASS,True,2.5619690000021365
2017-08-01,scalar,ordinary,41,{},18.18362152566529,0.0,5.338972491098142e-05,1.898472533682152e-07,2.6751816631501173,0.0,20.858803188815408,20.858803188815408,0.5,0.0,0,0.0,0.0,0.3157816051426671,63.50659252824198,0.6699385221748079,0.09318114999769023,7.34428311957025e-05,{'optimal': 96},PASS,True,2.956855099997483
2017-08-01,scalar,ordinary,73,{},18.18362152566529,0.0,5.338972491098142e-05,1.898472533682152e-07,2.6751816631501173,0.0,20.858803188815408,20.858803188815408,0.5,0.0,0,0.0,0.0,0.31540107025385344,63.50659252824198,0.6699385221748079,0.0848391499966965,7.34428311957025e-05,{'optimal': 96},PASS,True,2.942435100005241
2017-08-01,scalar,heatwave_dr,73,{},17.323536061194613,0.0,5.338972491098142e-05,2.3090967604993628e-07,2.676413535830569,0.0,19.999949597025182,19.999949597025182,0.5,0.0,0,0.0,0.0,0.29641506001887885,73.50659252824198,0.6699385221748079,0.07365765002032276,7.34428311957025e-05,{'optimal': 96},PASS,True,2.532549499999732
2017-08-01,waveform,ordinary,73,{},18.440212694740264,0.0,5.3376248508457666e-05,1.8643846108870483e-07,2.674405579255544,0.0,21.11461827399581,21.11461827399581,0.5,0.0,0,0.0,0.0,0.20617953119136972,63.528681963780166,0.6697212814154417,0.07339890000002924,7.309132873611901e-05,{'optimal': 96},PASS,True,2.4188700999948196
2017-08-01,waveform,heatwave_dr,41,{},17.335855805862774,0.0,5.337870787829818e-05,2.32176007605495e-07,2.6759006741430738,0.0,20.011756480005847,20.011756480005847,0.5,0.0,0,0.0,0.0,0.18283392182874508,73.54075186323361,0.6697519517202317,0.07956004999869037,7.308698993346852e-05,{'optimal': 96},PASS,True,2.501469300012104
2017-08-01,waveform,ordinary,41,{},18.43971673832297,0.0,5.337870787829818e-05,1.8677925228135102e-07,2.6745387714833493,0.0,21.11425550980632,21.11425550980632,0.5,0.0,0,0.0,0.0,0.18290607716285134,63.54075186323361,0.6697519517202317,0.09337369999411749,7.308698993346852e-05,{'optimal': 96},PASS,True,2.9931159999978263
2017-08-01,waveform,heatwave_dr,73,{},17.33562018710387,0.0,5.3376248508457666e-05,2.3174708692589977e-07,2.67576483803066,0.0,20.01138502513453,20.01138502513453,0.5,0.0,0,0.0,0.0,0.20427163919307118,73.52868196378016,0.6697212814154417,0.0895514750154689,7.309132873611901e-05,{'optimal': 96},PASS,True,2.953637800004799
2017-08-01,infrared,ordinary,41,{},18.18362152566529,0.0,5.338972491098142e-05,1.898472533682152e-07,2.6751816631501173,0.0,20.858803188815408,20.858803188815408,0.5,0.0,0,0.0,0.0,0.5269004644056922,63.50659252824198,0.6699385221748079,0.08161110000219196,7.34428311957025e-05,{'optimal': 96},PASS,True,2.688919900014298
2017-08-01,infrared,ordinary,73,{},18.18362152566529,0.0,5.338972491098142e-05,1.898472533682152e-07,2.6751816631501173,0.0,20.858803188815408,20.858803188815408,0.5,0.0,0,0.0,0.0,0.5386609948326828,63.50659252824198,0.6699385221748079,0.09275039999920409,7.34428311957025e-05,{'optimal': 96},PASS,True,2.676308699999936
2017-08-01,infrared,heatwave_dr,41,{},17.323536061194613,0.0,5.338972491098142e-05,2.3090967604993628e-07,2.676413535830569,0.0,19.999949597025182,19.999949597025182,0.5,0.0,0,0.0,0.0,0.531480935683712,73.50659252824198,0.6699385221748079,0.08560519998718519,7.34428311957025e-05,{'optimal': 96},PASS,True,2.8765887999907136
2017-08-01,infrared,heatwave_dr,73,{},17.323536061194613,0.0,5.338972491098142e-05,2.3090967604993628e-07,2.676413535830569,0.0,19.999949597025182,19.999949597025182,0.5,0.0,0,0.0,0.0,0.5349593743026593,73.50659252824198,0.6699385221748079,0.08360445000289474,7.34428311957025e-05,{'optimal': 96},PASS,True,2.860729200008791
2017-08-01,full_mean,ordinary,41,{},18.43971673832297,0.0,5.337870787829818e-05,1.8677925228135102e-07,2.6745387714833493,0.0,21.11425550980632,21.11425550980632,0.5,0.0,0,0.0,0.0,0.06060349776110761,63.54075186323361,0.6697519517202317,0.08016442500229459,7.308698993346852e-05,{'optimal': 96},PASS,True,2.444355200015707
2017-08-01,full_mean,ordinary,73,{},18.440212694740264,0.0,5.3376248508457666e-05,1.8643846108870483e-07,2.674405579255544,0.0,21.11461827399581,21.11461827399581,0.5,0.0,0,0.0,0.0,0.058253938237556334,63.528681963780166,0.6697212814154417,0.08271254999999655,7.309132873611901e-05,{'optimal': 96},PASS,True,2.524352499982342
2017-08-01,full_mean,heatwave_dr,41,{},17.335855805862774,0.0,5.337870787829818e-05,2.32176007605495e-07,2.6759006741430738,0.0,20.011756480005847,20.011756480005847,0.5,0.0,0,0.0,0.0,0.06033073226071894,73.54075186323361,0.6697519517202317,0.1019745499943383,7.308698993346852e-05,{'optimal': 96},PASS,True,3.0074339999991935
2017-08-01,full_mean,heatwave_dr,73,{},17.33562018710387,0.0,5.3376248508457666e-05,2.3174708692589977e-07,2.67576483803066,0.0,20.01138502513453,20.01138502513453,0.5,0.0,0,0.0,0.0,0.05569244942710266,73.52868196378016,0.6697212814154417,0.09897069999715313,7.309132873611901e-05,{'optimal': 96},PASS,True,2.9651845000043977
2017-08-01,full,ordinary,41,{},18.44080922556614,0.0,5.337870787829818e-05,1.8570090674576368e-07,2.674506421117282,0.0,21.115315646683424,21.115315646683424,0.5,0.0,0,0.0,0.0,0.5164508355275388,63.54075186323361,0.6697519517202317,0.08363439999084221,7.308698993346852e-05,{'optimal': 96},PASS,True,2.482155200006673
2017-08-01,full,ordinary,73,{},18.440212694740264,0.0,5.3376248508457666e-05,1.8643846108870483e-07,2.674405579255544,0.0,21.11461827399581,21.11461827399581,0.5,0.0,0,0.0,0.0,0.5201776534399248,63.528681963780166,0.6697212814154417,0.07053730000916403,7.309132873611901e-05,{'optimal': 96},PASS,True,2.3444795999967027
2017-08-01,full,heatwave_dr,41,{},17.336948293105948,0.0,5.337870787829818e-05,2.3076826563741845e-07,2.6758584418840314,0.0,20.01280673498998,20.01280673498998,0.5,0.0,0,0.0,0.0,0.5165802412378536,73.54075186323361,0.6697519517202317,0.08895285000471631,7.308698993346852e-05,{'optimal': 96},PASS,True,2.982769099995494
2017-08-01,full,heatwave_dr,73,{},17.33562018710387,0.0,5.3376248508457666e-05,2.3174708692589977e-07,2.67576483803066,0.0,20.01138502513453,20.01138502513453,0.5,0.0,0,0.0,0.0,0.5198364572019324,73.52868196378016,0.6697212814154417,0.09865672500018263,7.309132873611901e-05,{'optimal': 96},PASS,True,2.9312751999823377
2017-08-01,oracle,ordinary,41,{},18.440092295283968,0.0,5.3377919417233943e-05,1.8658321604146307e-07,2.6744934673429412,0.0,21.11458576262691,21.11458576262691,0.5,0.0,0,0.0,0.0,0.0,63.53380799131345,0.6697414724868829,0.08051952501409687,7.308347733325782e-05,{'optimal': 96},PASS,True,2.7941527999937534
2017-08-01,oracle,ordinary,73,{},18.440092295283968,0.0,5.3377919417233943e-05,1.8658321604146307e-07,2.6744934673429412,0.0,21.11458576262691,21.11458576262691,0.5,0.0,0,0.0,0.0,0.0,63.53380799131345,0.6697414724868829,0.0809806249817484,7.308347733325782e-05,{'optimal': 96},PASS,True,2.876979599997867
2017-09-01,economic,ordinary,41,{},24.746288309164797,0.0,6.433162265774667e-05,2.3606570760575954e-07,3.2236631041155066,0.0,27.969951413280302,27.969951413280302,0.5,0.0,0,0.0,0.0,0.32647242524992415,59.679283479956766,0.7951069122614253,0.009454299986828119,0.0,{'optimal': 96},PASS,True,0.9059106000058819
2017-09-01,economic,ordinary,73,{},24.746288309164797,0.0,6.433162265774667e-05,2.3606570760575954e-07,3.2236631041155066,0.0,27.969951413280302,27.969951413280302,0.5,0.0,0,0.0,0.0,0.337599872666589,59.679283479956766,0.7951069122614253,0.010444650011777412,0.0,{'optimal': 96},PASS,True,0.9433264000108466
2017-09-01,economic,heatwave_dr,41,{},24.746288309164797,0.0,6.433162265774667e-05,3.031143685741721e-07,3.2256745639445588,0.0,27.971962873109355,27.971962873109355,0.5,0.0,0,0.0,0.0,0.3264724252499247,69.67928347995677,0.7951069122614253,0.01004077502147993,0.0,{'optimal': 96},PASS,True,0.9201908999821171
2017-08-01,oracle,heatwave_dr,41,{},17.335561023661178,0.0,5.3377919417233943e-05,2.3192625655525907e-07,2.675853758558355,0.0,20.011414782219532,20.011414782219532,0.5,0.0,0,0.0,0.0,0.0,73.53380799131345,0.6697414724868829,0.1021781999952509,7.308347733325782e-05,{'optimal': 96},PASS,True,2.9851763999904506
2017-09-01,economic,heatwave_dr,73,{},24.746288309164797,0.0,6.433162265774667e-05,3.031143685741721e-07,3.2256745639445588,0.0,27.971962873109355,27.971962873109355,0.5,0.0,0,0.0,0.0,0.33759987266658903,69.67928347995677,0.7951069122614253,0.010389200004283339,0.0,{'optimal': 96},PASS,True,0.9442565999925137
2017-08-01,oracle,heatwave_dr,73,{},17.335561023661178,0.0,5.3377919417233943e-05,2.3192625655525907e-07,2.675853758558355,0.0,20.011414782219532,20.011414782219532,0.5,0.0,0,0.0,0.0,0.0,73.53380799131345,0.6697414724868829,0.10214895000535762,7.308347733325782e-05,{'optimal': 96},PASS,True,2.9641837000090163
2017-09-01,rainflow,ordinary,41,{},26.911184078448166,0.0,5.2309327177083145e-05,1.7871224388504818e-07,2.6208277261707087,0.0,29.532011804618875,29.532011804618875,0.5,0.0,0,0.0,0.0,0.28782693905239415,58.86932579328179,0.7188817766528269,0.02011557498917682,5.935547645719019e-05,{'optimal': 96},PASS,True,1.2804812999966089
2017-09-01,rainflow,heatwave_dr,41,{},26.911184078448173,0.0,5.2309327177083145e-05,2.294710634217004e-07,2.622350490756808,0.0,29.53353456920498,29.53353456920498,0.5,0.0,0,0.0,0.0,0.28782693905239376,68.86932579328179,0.7188817766528269,0.022465524991275743,5.935547645719019e-05,{'optimal': 96},PASS,True,1.2085808000119869
2017-09-01,rainflow,ordinary,73,{},26.911184078448166,0.0,5.2309327177083145e-05,1.7871224388504818e-07,2.6208277261707087,0.0,29.532011804618875,29.532011804618875,0.5,0.0,0,0.0,0.0,0.3049688946357857,58.86932579328179,0.7188817766528269,0.02962682500219671,5.935547645719019e-05,{'optimal': 96},PASS,True,1.7899619000090752
2017-09-01,rainflow,heatwave_dr,73,{},26.911184078448173,0.0,5.2309327177083145e-05,2.294710634217004e-07,2.622350490756808,0.0,29.53353456920498,29.53353456920498,0.5,0.0,0,0.0,0.0,0.30496889463578547,68.86932579328179,0.7188817766528269,0.03454447500553215,5.935547645719019e-05,{'optimal': 96},PASS,True,1.832793200010201
2017-09-01,scalar,ordinary,41,{},26.159356452091508,0.0,5.15106281035619e-05,6.43648894148529e-07,2.5948408720025506,0.0,28.754197324094058,28.754197324094058,0.5,0.0,0,0.0,0.0,0.30981673232993173,68.91454164757604,0.699780850861855,0.044813124994107056,4.484558577022568e-05,{'optimal': 96},PASS,True,2.154868700017687
2017-09-01,scalar,ordinary,73,{},26.159356441571475,0.0,5.15106281035619e-05,6.436488940031836e-07,2.5948408719981906,0.0,28.754197313569666,28.754197313569666,0.5,0.0,0,0.0,0.0,0.32067810083454085,68.91454164757604,0.699780850861855,0.045142299990402535,4.484558577022568e-05,{'optimal': 96},PASS,True,2.23953329998767
2017-09-01,scalar,heatwave_dr,41,{},26.159877577399634,0.0,5.15106281035619e-05,8.35484918627338e-07,2.600595952736915,0.0,28.760473530136547,28.760473530136547,0.5,0.0,0,0.0,0.0,0.3097827324000172,78.89891310585291,0.699780850861855,0.04761244999826886,4.484558577022568e-05,{'optimal': 96},PASS,True,2.349509300023783
2017-09-01,scalar,heatwave_dr,73,{},26.159857387125676,0.0,5.15106281035619e-05,8.346331053397675e-07,2.600570398338288,0.0,28.760427785463964,28.760427785463964,0.5,0.0,0,0.0,0.0,0.32077769528078304,78.89010335485456,0.699780850861855,0.045254424985614605,4.484558577022568e-05,{'optimal': 96},PASS,True,2.289525699976366
2017-09-01,waveform,ordinary,41,{},26.16063697871482,0.0,5.155356607192607e-05,6.443151946229252e-07,2.597007759434991,0.0,28.75764473814981,28.75764473814981,0.5,0.0,0,0.0,0.0,0.18692007664624027,68.91454164757604,0.700046008163636,0.0590961249981774,2.6234181798256984e-05,{'optimal': 96},PASS,True,2.291311700013466
2017-09-01,waveform,ordinary,73,{},26.16050511916577,0.0,5.155366237983507e-05,6.442971200803e-07,2.5970120325941624,0.0,28.75751715175993,28.75751715175993,0.5,0.0,0,0.0,0.0,0.20071472559173162,68.91454164757604,0.7000546215710984,0.048473599992576055,2.5029360410266932e-05,{'optimal': 96},PASS,True,2.2684082000050694
2017-09-01,waveform,heatwave_dr,41,{},26.160753144027893,0.0,5.155356607192607e-05,8.273191418363913e-07,2.602497877851395,0.0,28.763251021879288,28.763251021879288,0.5,0.0,0,0.0,0.0,0.18691898375841537,78.91454164757604,0.700046008163636,0.04454412499762839,2.6234181798256984e-05,{'optimal': 96},PASS,True,2.0159932000096887
2017-09-01,waveform,heatwave_dr,73,{},26.160638739216736,0.0,5.155366237983507e-05,8.27621814152292e-07,2.602511773416322,0.0,28.763150512633057,28.763150512633057,0.5,0.0,0,0.0,0.0,0.2007101549827275,78.91454164757604,0.7000546215710984,0.0462472500075819,2.5029360410266932e-05,{'optimal': 96},PASS,True,2.0103799999924377
2017-09-01,infrared,ordinary,41,{},26.15935536924468,0.0,5.15106281035619e-05,6.436488791888156e-07,2.5948408715537594,0.0,28.75419624079844,28.75419624079844,0.5,0.0,0,0.0,0.0,0.5117815021133526,68.91454164757604,0.699780850861855,0.03096810001443373,4.484558577022568e-05,{'optimal': 96},PASS,True,1.7144054000091273
2017-09-01,infrared,ordinary,73,{},26.159795442215845,0.0,5.15106281035619e-05,6.518531158871813e-07,2.5950869986547103,0.0,28.754882440870556,28.754882440870556,0.5,0.0,0,0.0,0.0,0.5273136910965873,68.91454164757604,0.699780850861855,0.035056449996773154,4.484558577022568e-05,{'optimal': 96},PASS,True,1.6389390999975149
2017-09-01,infrared,heatwave_dr,41,{},26.159404690300693,0.0,5.15106281035619e-05,8.236368390364675e-07,2.600240510349189,0.0,28.75964520064988,28.75964520064988,0.5,0.0,0,0.0,0.0,0.5118715564556213,78.88497680116221,0.699780850861855,0.04517949998262338,4.484558577022568e-05,{'optimal': 96},PASS,True,2.26882480000495
2017-09-01,infrared,heatwave_dr,73,{},26.159865694585008,0.0,5.15106281035619e-05,8.350219384552385e-07,2.600582063331752,0.0,28.76044775791676,28.76044775791676,0.5,0.0,0,0.0,0.0,0.5273248072816338,78.89412603570256,0.699780850861855,0.04574990000401158,4.484558577022568e-05,{'optimal': 96},PASS,True,2.2922894000075758
2017-09-01,full_mean,ordinary,41,{},26.16063574843847,0.0,5.155356607192607e-05,6.44315177802673e-07,2.5970077589303835,0.0,28.757643507368854,28.757643507368854,0.5,0.0,0,0.0,0.0,0.06132019034909889,68.91454164757604,0.700046008163636,0.06078465000609867,2.6234181798256984e-05,{'optimal': 96},PASS,True,2.233888200018555
2017-09-01,full_mean,ordinary,73,{},26.160504485547733,0.0,5.155366237983507e-05,6.442971113971286e-07,2.597012032333667,0.0,28.7575165178814,28.7575165178814,0.5,0.0,0,0.0,0.0,0.04991792597451728,68.91454164757604,0.7000546215710984,0.048103425004228484,2.5029360410266932e-05,{'optimal': 96},PASS,True,2.1752154999994673
2017-09-01,full_mean,heatwave_dr,41,{},26.160751791941195,0.0,5.155356607192607e-05,8.273191176980219e-07,2.602497877127244,0.0,28.76324966906844,28.76324966906844,0.5,0.0,0,0.0,0.0,0.06131760214214139,78.91454164757604,0.700046008163636,0.048393125005532056,2.6234181798256984e-05,{'optimal': 96},PASS,True,2.275928200018825
2017-09-01,full_mean,heatwave_dr,73,{},26.160620680308824,0.0,5.155366237983507e-05,8.272959276451434e-07,2.6025019968211076,0.0,28.76312267712993,28.76312267712993,0.5,0.0,0,0.0,0.0,0.04991537139924201,78.91454164757604,0.7000546215710984,0.060048074985388666,2.5029360410266932e-05,{'optimal': 96},PASS,True,2.345970299997134
2017-09-01,full,ordinary,41,{},26.160635906996344,0.0,5.155356607192607e-05,6.443151799703333e-07,2.5970077589954133,0.0,28.757643665991758,28.757643665991758,0.5,0.0,0,0.0,0.0,0.5196995257035645,68.91454164757604,0.700046008163636,0.060831499999039806,2.6234181798256984e-05,{'optimal': 96},PASS,True,2.319422000000486
2017-09-01,full,ordinary,73,{},26.16052167360238,0.0,5.155366237983507e-05,6.445508999727224e-07,2.597019645990935,0.0,28.757541319593315,28.757541319593315,0.5,0.0,0,0.0,0.0,0.5204619292632577,68.91454164757604,0.7000546215710984,0.06620515000395244,2.5029360410266932e-05,{'optimal': 96},PASS,True,2.324945900007151
2017-09-01,full,heatwave_dr,41,{},26.1607519662054,0.0,5.155356607192607e-05,8.273191208087917e-07,2.602497877220567,0.0,28.763249843425967,28.763249843425967,0.5,0.0,0,0.0,0.0,0.5196994626008442,78.91454164757604,0.700046008163636,0.0675411500124028,2.6234181798256984e-05,{'optimal': 96},PASS,True,2.3120793999987654
2017-09-01,full,heatwave_dr,73,{},26.16062048846903,0.0,5.155366237983507e-05,8.272959242122923e-07,2.602501996718122,0.0,28.76312248518715,28.76312248518715,0.5,0.0,0,0.0,0.0,0.5204616873829941,78.91454164757604,0.7000546215710984,0.0602479250082979,2.5029360410266932e-05,{'optimal': 96},PASS,True,2.3426669999898877
2017-09-01,oracle,ordinary,41,{},26.160696587320068,0.0,5.155417704859659e-05,6.443250575796987e-07,2.59703860415722,0.0,28.757735191477288,28.757735191477288,0.5,0.0,0,0.0,0.0,0.0,68.91454164757604,0.7000550765497185,0.05904315001680516,2.623216195929423e-05,{'optimal': 96},PASS,True,2.2410492000053637
2017-09-01,oracle,ordinary,73,{},26.160696587320068,0.0,5.155417704859659e-05,6.443250575796987e-07,2.59703860415722,0.0,28.757735191477288,28.757735191477288,0.5,0.0,0,0.0,0.0,0.0,68.91454164757604,0.7000550765497185,0.060367999991285615,2.623216195929423e-05,{'optimal': 96},PASS,True,2.30987179998192
2017-10-01,economic,ordinary,41,{},27.886063374154993,0.0,6.312489908359001e-05,2.5234397673865365e-06,3.2319481472010962,0.0,31.118011521356088,31.118011521356088,0.5,0.0,0,0.0,0.0,0.49782289185127493,78.11539190225012,0.7162948435697123,0.009442674992897082,0.0,{'optimal': 96},PASS,True,0.6956659000134096
2017-10-01,economic,ordinary,73,{},27.886063374154993,0.0,6.312489908359001e-05,2.5234397673865365e-06,3.2319481472010962,0.0,31.118011521356088,31.118011521356088,0.5,0.0,0,0.0,0.0,0.5017337639485537,78.11539190225012,0.7162948435697123,0.00937852499919245,0.0,{'optimal': 96},PASS,True,0.699259200016968
2017-09-01,oracle,heatwave_dr,41,{},26.1608127098446,0.0,5.155417704859659e-05,8.273318076032001e-07,2.6025288066579253,0.0,28.763341516502525,28.763341516502525,0.5,0.0,0,0.0,0.0,0.0,78.91454164757604,0.7000550765497185,0.0657340249963454,2.623216195929423e-05,{'optimal': 96},PASS,True,2.294020300003467
2017-10-01,economic,heatwave_dr,41,{},27.886063374154993,0.0,6.312489908359001e-05,3.2401607988049153e-06,3.253449778143648,0.0,31.13951315229864,31.13951315229864,0.5,0.0,0,0.0,0.0,0.4978228918512744,88.11539190225012,0.7162948435697123,0.009204825000779238,0.0,{'optimal': 96},PASS,True,0.6243871999904513
2017-09-01,oracle,heatwave_dr,73,{},26.1608127098446,0.0,5.155417704859659e-05,8.273318076032001e-07,2.6025288066579253,0.0,28.763341516502525,28.763341516502525,0.5,0.0,0,0.0,0.0,0.0,78.91454164757604,0.7000550765497185,0.0636951999986195,2.623216195929423e-05,{'optimal': 96},PASS,True,2.308038099989062
2017-10-01,economic,heatwave_dr,73,{},27.886063374154993,0.0,6.312489908359001e-05,3.2401607988049153e-06,3.253449778143648,0.0,31.13951315229864,31.13951315229864,0.5,0.0,0,0.0,0.0,0.5017337639485535,88.11539190225012,0.7162948435697123,0.008997849996376317,0.0,{'optimal': 96},PASS,True,0.6685793999931775
2017-10-01,rainflow,ordinary,41,{},28.522430884418572,0.0,5.8588832820493905e-05,4.148541313040502e-07,2.9418872649638166,0.0,31.46431814938239,31.46431814938239,0.5,0.0,0,0.0,0.0,0.4955109510395962,62.15386761794849,0.6939716431349797,0.05132067500380799,8.185221479894977e-05,{'optimal': 96},PASS,True,2.300330900005065
2017-10-01,rainflow,heatwave_dr,41,{},28.522430884418576,0.0,5.8588832820493905e-05,5.326832488123169e-07,2.945422138489065,0.0,31.46785302290764,31.46785302290764,0.5,0.0,0,0.0,0.0,0.49551095103959614,72.15386761794853,0.6939716431349797,0.04942035000567557,8.185221479894977e-05,{'optimal': 96},PASS,True,2.2606166999903508
2017-10-01,rainflow,ordinary,73,{},28.522430884418572,0.0,5.8588832820493905e-05,4.148541313040502e-07,2.9418872649638166,0.0,31.46431814938239,31.46431814938239,0.5,0.0,0,0.0,0.0,0.49865684082623457,62.15386761794849,0.6939716431349797,0.05124912500468781,8.185221479894977e-05,{'optimal': 96},PASS,True,2.316592799994396
2017-10-01,rainflow,heatwave_dr,73,{},28.522430884418576,0.0,5.8588832820493905e-05,5.326832488123169e-07,2.945422138489065,0.0,31.46785302290764,31.46785302290764,0.5,0.0,0,0.0,0.0,0.4986568408262342,72.15386761794853,0.6939716431349797,0.05314615000679623,8.185221479894977e-05,{'optimal': 96},PASS,True,2.21689690000494
2017-10-01,scalar,ordinary,41,{},28.52151957210707,0.0,5.857657453076405e-05,3.987459446243133e-07,2.940791104876932,0.0,31.462310676984004,31.462310676984004,0.5,0.0,0,0.0,0.0,0.4957131908777303,61.86672141035477,0.6939711619265421,0.058192999989842065,9.187151529399529e-05,{'optimal': 96},PASS,True,2.721540599974105
2017-10-01,scalar,heatwave_dr,41,{},28.52091123731293,0.0,5.856272659171909e-05,4.914988407511031e-07,2.9428812948084873,0.0,31.463792532121417,31.463792532121417,0.5,0.0,0,0.0,0.0,0.49568015622231354,71.54161041247283,0.6939711619265421,0.05826559999695746,9.187151529399529e-05,{'optimal': 96},PASS,True,2.5562179000116885
2017-10-01,scalar,heatwave_dr,73,{},28.52091129419909,0.0,5.856272789394167e-05,4.915007284666503e-07,2.942881416551083,0.0,31.463792710750173,31.463792710750173,0.5,0.0,0,0.0,0.0,0.4986227828959433,71.54164092437829,0.6939711619265421,0.0584149499918567,9.187151529399529e-05,{'optimal': 96},PASS,True,2.547029699984705
2017-10-01,scalar,ordinary,73,{},28.52151962966564,0.0,5.857657583372557e-05,3.987474785959938e-07,2.9407912160441585,0.0,31.462310845709798,31.462310845709798,0.5,0.0,0,0.0,0.0,0.4986621005230321,61.86675206090226,0.6939711619265421,0.06060840000282042,9.187151529399529e-05,{'optimal': 96},PASS,True,2.764321499998914
2017-10-01,waveform,heatwave_dr,41,{},28.522224895275663,0.0,5.855170402416686e-05,4.90833077591827e-07,2.942310193536098,0.0,31.46453508881176,31.46453508881176,0.5,0.0,0,0.0,0.0,0.18401902504627013,71.54596943405227,0.69401342243839,0.05846392502280651,8.831996001967823e-05,{'optimal': 96},PASS,True,2.330170899978839
2017-10-01,waveform,ordinary,73,{},28.517976515929362,0.0,5.8587254529169924e-05,3.979976582847079e-07,2.9413026562070375,0.0,31.459279172136398,31.459279172136398,0.5,0.0,0,0.0,0.0,0.20432973134468568,61.867692546956704,0.6941471563930918,0.05965962499612942,8.489199680861148e-05,{'optimal': 96},PASS,True,2.4642058000026736
2017-10-01,waveform,ordinary,41,{},28.522832463459842,0.0,5.8565530301388135e-05,3.9823747853852545e-07,2.9402236394255623,0.0,31.463056102885403,31.463056102885403,0.5,0.0,0,0.0,0.0,0.18401770368954076,61.87112165568415,0.6940134224383899,0.05969534998439485,8.474984277473396e-05,{'optimal': 96},PASS,True,2.7567768000008073
2017-10-01,waveform,heatwave_dr,73,{},28.51736869367253,0.0,5.857342321232574e-05,4.905420828709559e-07,2.9433874231024157,0.0,31.460756116774945,31.460756116774945,0.5,0.0,0,0.0,0.0,0.20428733493621246,71.54256800625306,0.6941471563930918,0.05998302499210695,8.846489345915032e-05,{'optimal': 96},PASS,True,2.7080206999962684
2017-10-01,infrared,ordinary,73,{},28.521524096593264,0.0,5.857667694805905e-05,3.988665385194979e-07,2.9407998435585374,0.0,31.4623239401518,31.4623239401518,0.5,0.0,0,0.0,0.0,0.5591992576277004,61.869130683990484,0.6939711619265421,0.058967924989701714,9.187151529399529e-05,{'optimal': 96},PASS,True,2.3189829000039026
2017-10-01,infrared,ordinary,41,{},28.52152550094564,0.0,5.8576708735586627e-05,3.989039751578613e-07,2.940802556034067,0.0,31.462328056979707,31.462328056979707,0.5,0.0,0,0.0,0.0,0.5537371442074633,61.8698784709719,0.693971161926542,0.059091675000672694,9.187151529399529e-05,{'optimal': 96},PASS,True,2.3776050000160467
2017-10-01,infrared,heatwave_dr,41,{},28.520917096895044,0.0,5.8562860720432644e-05,4.916933143344846e-07,2.9428938354516667,0.0,31.46381093234671,31.46381093234671,0.5,0.0,0,0.0,0.0,0.5537255184426715,71.54475319405398,0.6939711619265421,0.05996252501063282,9.187151529399529e-05,{'optimal': 96},PASS,True,2.7280115999747068
2017-10-01,infrared,heatwave_dr,73,{},28.520915708946216,0.0,5.856282895092385e-05,4.916472444881385e-07,2.942890864880837,0.0,31.463806573827053,31.463806573827053,0.5,0.0,0,0.0,0.0,0.5591986688141539,71.54400878898339,0.6939711619265421,0.05868972499592928,9.187151529399529e-05,{'optimal': 96},PASS,True,2.7068017999990843
2017-10-01,full_mean,ordinary,73,{},28.51803580851275,0.0,5.8587333540093406e-05,3.980906299169908e-07,2.9413093959021803,0.0,31.45934520441493,31.45934520441493,0.5,0.0,0,0.0,0.0,0.059104264837356715,61.86955677871555,0.6941471554759507,0.05925914999534143,8.487177484406416e-05,{'optimal': 96},PASS,True,2.5937464000016917
2017-10-01,full_mean,ordinary,41,{},28.522839260246936,0.0,5.856568410374364e-05,3.9841898894352517e-07,2.940236774855488,0.0,31.463076035102425,31.463076035102425,0.5,0.0,0,0.0,0.0,0.06318074758218406,61.874745868406386,0.6940134224383899,0.0585404999947059,8.471056670078525e-05,{'optimal': 96},PASS,True,2.607019399991259
2017-10-01,full_mean,heatwave_dr,41,{},28.522231612553238,0.0,5.8551857739114085e-05,4.910564454396811e-07,2.9423245803188944,0.0,31.46455619287213,31.46455619287213,0.5,0.0,0,0.0,0.0,0.06312341088675064,71.54957725519479,0.6940134224383899,0.05916655000328319,8.827984065762351e-05,{'optimal': 96},PASS,True,2.66185500001302
2017-10-01,full_mean,heatwave_dr,73,{},28.517427945374514,0.0,5.857350217830787e-05,4.906564777814563e-07,2.9433948032488373,0.0,31.46082274862335,31.46082274862335,0.5,0.0,0,0.0,0.0,0.05903024858473725,71.54442380575897,0.6941471554759508,0.05997247502091341,8.84442377171446e-05,{'optimal': 96},PASS,True,2.7003609999956097
2017-10-01,full,ordinary,41,{},28.52283838380524,0.0,5.856566427208929e-05,3.983955797992418e-07,2.940235080998442,0.0,31.46307346480368,31.46307346480368,0.5,0.0,0,0.0,0.0,0.5169784671842999,61.874278544543074,0.6940134224383899,0.05845927499467507,8.471563051415387e-05,{'optimal': 96},PASS,True,2.6044606000068597
2017-10-01,full,ordinary,73,{},28.515804889631735,0.0,5.8587362143403034e-05,3.981239012010661e-07,2.9413118242061835,0.0,31.45711671383792,31.45711671383792,0.5,0.0,0,0.0,0.0,0.5195659603898466,61.870070504552,0.6941472003834864,0.060157424995850306,9.146588218578167e-05,{'optimal': 96},PASS,True,2.675184099993203
2017-10-01,full,heatwave_dr,41,{},28.522230746363352,0.0,5.8551837918724175e-05,4.910276379723168e-07,2.9423227250753783,0.0,31.46455347143873,31.46455347143873,0.5,0.0,0,0.0,0.0,0.5169804274151962,71.54911204473956,0.69401342243839,0.05952792501193471,8.828501320756743e-05,{'optimal': 96},PASS,True,2.6453404999920167
2017-10-01,full,heatwave_dr,73,{},28.517373103473027,0.0,5.8573524120297953e-05,4.906885292601173e-07,2.9433968618927016,0.0,31.460769965365728,31.460769965365728,0.5,0.0,0,0.0,0.0,0.5195965878213515,71.54493531940763,0.6941471563930918,0.05994907499552937,8.84385448896019e-05,{'optimal': 96},PASS,True,2.7079451000026893
2017-10-01,oracle,ordinary,41,{},28.519610288002507,0.0,5.857986230935372e-05,3.981654334783933e-07,2.940938078472038,0.0,31.460548366474544,31.460548366474544,0.5,0.0,0,0.0,0.0,0.0,61.86986797974055,0.6941054682488015,0.04208887499407865,8.47894035342911e-05,{'optimal': 96},PASS,True,1.9863566000130959
2017-10-01,oracle,ordinary,73,{},28.519610288002507,0.0,5.857986230935372e-05,3.981654334783933e-07,2.940938078472038,0.0,31.460548366474544,31.460548366474544,0.5,0.0,0,0.0,0.0,0.0,61.86986797974055,0.6941054682488015,0.04689637500268873,8.47894035342911e-05,{'optimal': 96},PASS,True,1.9703214000037406
2017-11-01,economic,ordinary,41,{},169.04541380680476,0.0,0.00014573948025096243,5.883070384198788e-08,7.288738933663381,0.0,176.33415274046814,176.33415274046814,0.5,0.0,0,0.0,0.0,0.6044263808526906,48.515800969075734,1.3969851517144236,0.009623275007470511,0.0,{'optimal': 96},PASS,True,0.8190958999912255
2017-11-01,economic,ordinary,73,{},169.04541380680476,0.0,0.00014573948025096243,5.883070384198788e-08,7.288738933663381,0.0,176.33415274046814,176.33415274046814,0.5,0.0,0,0.0,0.0,0.5850511499879475,48.515800969075734,1.3969851517144236,0.010279025009367615,0.0,{'optimal': 96},PASS,True,0.8434849999903236
2017-10-01,oracle,heatwave_dr,41,{},28.519002758880998,0.0,5.856603346977755e-05,4.907444109052483e-07,2.9430240058160346,0.0,31.462026764697033,31.462026764697033,0.5,0.0,0,0.0,0.0,0.0,71.54472937666624,0.6941054682488015,0.06003872499422869,8.836021808811267e-05,{'optimal': 96},PASS,True,2.6896183000062592
2017-10-01,oracle,heatwave_dr,73,{},28.519002758880998,0.0,5.856603346977755e-05,4.907444109052483e-07,2.9430240058160346,0.0,31.462026764697033,31.462026764697033,0.5,0.0,0,0.0,0.0,0.0,71.54472937666624,0.6941054682488015,0.06002749998879153,8.836021808811267e-05,{'optimal': 96},PASS,True,2.7094914999906905
2017-11-01,economic,heatwave_dr,41,{},169.04190074505152,0.0,0.00014573948025096243,1.1087961977870777e-07,7.290300401141483,0.0,176.332201146193,176.332201146193,0.5,0.0,0,0.0,0.0,0.6429525514979385,61.286621570658255,1.3969851517144236,0.009834299999056384,0.0,{'optimal': 96},PASS,True,0.922678500006441
2017-11-01,economic,heatwave_dr,73,{},169.04190074505152,0.0,0.00014573948025096243,1.1087961977870777e-07,7.290300401141483,0.0,176.332201146193,176.332201146193,0.5,0.0,0,0.0,0.0,0.624446010861798,61.286621570658255,1.3969851517144236,0.01060572499409318,0.0,{'optimal': 96},PASS,True,0.9553459000017028
2017-11-01,rainflow,ordinary,41,{},168.63132350450854,0.0,0.00013105687449030103,1.3724465299222444e-07,6.556961064104819,0.0,175.18828456861337,175.18828456861337,0.5,0.0,0,0.0,0.0,0.6269814154917194,54.820125921991306,1.3085197248244993,0.08856440001545707,9.88436358884126e-05,{'optimal': 96},PASS,True,2.2049786999996286
2017-11-01,rainflow,ordinary,73,{},168.63132350450854,0.0,0.00013105687449030103,1.3724465299222444e-07,6.556961064104819,0.0,175.18828456861337,175.18828456861337,0.5,0.0,0,0.0,0.0,0.6400605181638094,54.820125921991306,1.3085197248244993,0.08899177499552025,9.88436358884126e-05,{'optimal': 96},PASS,True,2.120345000002999
2017-11-01,rainflow,heatwave_dr,41,{},168.6209489860837,0.0,0.00013105687449030103,1.307217656254136e-07,6.556765377483814,0.0,175.17771436356753,175.17771436356753,0.5,0.0,0,0.0,0.0,0.6135433943615602,62.87760037727754,1.3085197248244993,0.08874162498977967,9.88436358884126e-05,{'optimal': 96},PASS,True,2.213750599999912
2017-11-01,rainflow,heatwave_dr,73,{},168.6209489860837,0.0,0.00013105687449030103,1.307217656254136e-07,6.556765377483814,0.0,175.17771436356753,175.17771436356753,0.5,0.0,0,0.0,0.0,0.6261141522540772,62.87760037727754,1.3085197248244993,0.09195609999733279,9.88436358884126e-05,{'optimal': 96},PASS,True,2.2893179999955464
2017-11-01,scalar,ordinary,41,{},171.9832543724407,0.0,0.0001277108601740064,1.360356107502461e-07,6.389624077022828,0.0,178.37287844946354,178.37287844946354,0.5,0.0,0,0.0,0.0,0.525326312164779,54.04649855842835,1.2318979606624427,0.040174925001338124,6.702105928724222e-05,{'optimal': 96},PASS,True,2.0152151999936905
2017-11-01,scalar,ordinary,73,{},171.98325434869122,0.0,0.0001277108601740064,1.3603555069037502e-07,6.389624075221032,0.0,178.37287842391225,178.37287842391225,0.5,0.0,0,0.0,0.0,0.4954151678200026,54.04649855842835,1.2318979606624427,0.0403600999925402,6.702105928724222e-05,{'optimal': 96},PASS,True,2.1300631999911275
2017-11-01,scalar,heatwave_dr,41,{},171.98088841200348,0.0,0.0001277104099559697,1.7062365743181923e-07,6.39063920752144,0.0,178.37152761952493,178.37152761952493,0.5,0.0,0,0.0,0.0,0.5337343757007204,64.04649855842835,1.2318949429586044,0.04130589999112999,3.5133651519192455e-05,{'optimal': 96},PASS,True,2.130097899993416
2017-11-01,scalar,heatwave_dr,73,{},171.98088841200348,0.0,0.0001277104099559697,1.7062365743181923e-07,6.39063920752144,0.0,178.37152761952493,178.37152761952493,0.5,0.0,0,0.0,0.0,0.5008707571979093,64.04649855842835,1.2318949429586044,0.041623750010330696,3.5133651519192455e-05,{'optimal': 96},PASS,True,2.1447863999928813
2017-11-01,waveform,ordinary,41,{},172.0075988813815,0.0,0.00012771082111682748,1.341135959616356e-07,6.389564463720223,0.0,178.39716334510175,178.39716334510175,0.5,0.0,0,0.0,0.0,0.18442763125609146,54.107604396264996,1.2318976988721433,0.03985502501745941,3.5872813481496735e-05,{'optimal': 96},PASS,True,2.1403391000058036
2017-11-01,waveform,heatwave_dr,41,{},172.0075988813815,0.0,0.00012771082111682748,1.7220526593813069e-07,6.3907072138195185,0.0,178.39830609520104,178.39830609520104,0.5,0.0,0,0.0,0.0,0.18442763125609146,64.107604396265,1.2318976988721433,0.027703275009116624,3.5872813481496735e-05,{'optimal': 96},PASS,True,1.5742553999880329
2017-11-01,waveform,heatwave_dr,73,{},172.00679186859975,0.0,0.00012771082034266062,1.7229277338137422e-07,6.390709800334472,0.0,178.3975016689342,178.3975016689342,0.5,0.0,0,0.0,0.0,0.20000034272924322,64.11100806521496,1.2318976936830994,0.036937725002644584,6.702321948526269e-05,{'optimal': 96},PASS,True,1.5637860000133514
2017-11-01,waveform,ordinary,73,{},172.00679186859975,0.0,0.00012771082034266062,1.3418174682695827e-07,6.38956646953784,0.0,178.3963583381376,178.3963583381376,0.5,0.0,0,0.0,0.0,0.20000034272924314,54.11100806521496,1.2318976936830994,0.04190544998709811,6.702321948526269e-05,{'optimal': 96},PASS,True,2.154317800013814
2017-11-01,infrared,ordinary,73,{},171.98325434943172,0.0,0.0001277108601740064,1.360355525630518e-07,6.389624075277212,0.0,178.37287842470894,178.37287842470894,0.5,0.0,0,0.0,0.0,0.5595247744082111,54.04649855842835,1.2318979606624427,0.042347325004811864,6.702105928724222e-05,{'optimal': 96},PASS,True,1.9183902000077069
2017-11-01,infrared,ordinary,41,{},171.9832543474534,0.0,0.0001277108601740064,1.3603554756000348e-07,6.389624075127121,0.0,178.37287842258053,178.37287842258053,0.5,0.0,0,0.0,0.0,0.568767756240158,54.04649855842835,1.2318979606624427,0.04021044999535661,6.702105928724222e-05,{'optimal': 96},PASS,True,2.1235808999917936
2017-11-01,infrared,heatwave_dr,41,{},171.98088841200348,0.0,0.0001277104099559697,1.7062365743181923e-07,6.39063920752144,0.0,178.37152761952493,178.37152761952493,0.5,0.0,0,0.0,0.0,0.5722417050522524,64.04649855842835,1.2318949429586044,0.03410180000355467,3.5133651519192455e-05,{'optimal': 96},PASS,True,1.9529170999885537
2017-11-01,infrared,heatwave_dr,73,{},171.98088841200348,0.0,0.0001277104099559697,1.706236574318192e-07,6.39063920752144,0.0,178.37152761952493,178.37152761952493,0.5,0.0,0,0.0,0.0,0.5579916428015967,64.04649855842835,1.2318949429586044,0.04117210001277272,3.5133651519192455e-05,{'optimal': 96},PASS,True,2.158447599998908
2017-11-01,full_mean,ordinary,41,{},172.0075988813815,0.0,0.00012771082111682748,1.341135959616356e-07,6.389564463720223,0.0,178.39716334510175,178.39716334510175,0.5,0.0,0,0.0,0.0,0.06932029186151165,54.107604396264996,1.2318976988721433,0.040802375006023794,3.5872813481496735e-05,{'optimal': 96},PASS,True,2.214516799984267
2017-11-01,full_mean,ordinary,73,{},172.00679186859975,0.0,0.00012771082034266062,1.3418174682695827e-07,6.38956646953784,0.0,178.3963583381376,178.3963583381376,0.5,0.0,0,0.0,0.0,0.05857229424026909,54.11100806521496,1.2318976936830994,0.041380900009244215,6.702321948526269e-05,{'optimal': 96},PASS,True,2.134602200007066
2017-11-01,full_mean,heatwave_dr,41,{},172.0075988813815,0.0,0.00012771082111682748,1.7220526593813069e-07,6.3907072138195185,0.0,178.39830609520104,178.39830609520104,0.5,0.0,0,0.0,0.0,0.06932029186151215,64.107604396265,1.2318976988721433,0.040434275004372466,3.5872813481496735e-05,{'optimal': 96},PASS,True,2.1425021000031848
2017-11-01,full_mean,heatwave_dr,73,{},172.00679186859975,0.0,0.00012771082034266062,1.7229277338137422e-07,6.390709800334472,0.0,178.3975016689342,178.3975016689342,0.5,0.0,0,0.0,0.0,0.05857229424026908,64.11100806521496,1.2318976936830994,0.042068125010700896,6.702321948526269e-05,{'optimal': 96},PASS,True,2.178456499997992
2017-11-01,full,ordinary,41,{},172.0075988813815,0.0,0.00012771082111682748,1.341135959616356e-07,6.389564463720223,0.0,178.39716334510175,178.39716334510175,0.5,0.0,0,0.0,0.0,0.5172626934087652,54.107604396264996,1.2318976988721433,0.041779224993661046,3.5872813481496735e-05,{'optimal': 96},PASS,True,2.2072774000116624
2017-11-01,full,ordinary,73,{},172.00679186859975,0.0,0.00012771082034266062,1.3418174682695827e-07,6.38956646953784,0.0,178.3963583381376,178.3963583381376,0.5,0.0,0,0.0,0.0,0.5172044812082145,54.11100806521496,1.2318976936830994,0.0422462749920669,6.702321948526269e-05,{'optimal': 96},PASS,True,2.158914600004209
2017-11-01,full,heatwave_dr,41,{},172.0075988813815,0.0,0.00012771082111682748,1.7220526593813069e-07,6.3907072138195185,0.0,178.39830609520104,178.39830609520104,0.5,0.0,0,0.0,0.0,0.5172626934087647,64.107604396265,1.2318976988721433,0.040229049991467036,3.5872813481496735e-05,{'optimal': 96},PASS,True,2.1428176000190433
2017-11-01,full,heatwave_dr,73,{},172.00679186859975,0.0,0.00012771082034266062,1.7229277338137422e-07,6.390709800334472,0.0,178.3975016689342,178.3975016689342,0.5,0.0,0,0.0,0.0,0.5172044812082148,64.11100806521496,1.2318976936830994,0.04192855000292184,6.702321948526269e-05,{'optimal': 96},PASS,True,2.176205099996878
2017-11-01,oracle,ordinary,73,{},172.00880161384282,0.0,0.00012771026949450013,1.3422819391647124e-07,6.3895403205425,0.0,178.39834193438531,178.39834193438531,0.5,0.0,0,0.0,0.0,0.0,54.11347859468894,1.231894001475701,0.04004525000345893,3.522435873604124e-05,{'optimal': 96},PASS,True,2.1245473000162747
2017-11-01,oracle,ordinary,41,{},172.00880161384282,0.0,0.00012771026949450013,1.3422819391647124e-07,6.3895403205425,0.0,178.39834193438531,178.39834193438531,0.5,0.0,0,0.0,0.0,0.0,54.11347859468894,1.231894001475701,0.041557275006198324,3.522435873604124e-05,{'optimal': 96},PASS,True,2.196716699982062
2017-11-01,oracle,heatwave_dr,41,{},172.00880161384282,0.0,0.00012771026949450013,1.7235241262484e-07,6.390684047103751,0.0,178.39948566094657,178.39948566094657,0.5,0.0,0,0.0,0.0,0.0,64.11347859468894,1.231894001475701,0.04064919999655103,3.522435873604124e-05,{'optimal': 96},PASS,True,2.128132199984975
2017-11-01,oracle,heatwave_dr,73,{},172.00880161384282,0.0,0.00012771026949450013,1.7235241262484e-07,6.390684047103751,0.0,178.39948566094657,178.39948566094657,0.5,0.0,0,0.0,0.0,0.0,64.11347859468894,1.231894001475701,0.0394984000158729,3.522435873604124e-05,{'optimal': 96},PASS,True,2.150813099986408
2017-12-01,economic,ordinary,41,{},259.77036262548495,0.0,0.00012723289623068937,4.151085274495838e-08,6.362890137116817,0.0,266.1332527626018,266.1332527626018,0.5,0.0,0,0.0,0.0,0.4479644074522698,45.863371562192675,1.2000000000000002,0.009847774999798276,0.0,{'optimal': 96},PASS,True,0.9271914999990258
2017-12-01,economic,ordinary,73,{},259.77036262548495,0.0,0.00012723289623068937,4.151085274495838e-08,6.362890137116817,0.0,266.1332527626018,266.1332527626018,0.5,0.0,0,0.0,0.0,0.45717658823996843,45.863371562192675,1.2000000000000002,0.010368425006163307,0.0,{'optimal': 96},PASS,True,0.9385207000013907
2017-12-01,economic,heatwave_dr,41,{},259.7703417385528,0.0,0.00012723289623068937,5.3359232512171286e-08,6.363245588509833,0.0,266.1335873270626,266.1335873270626,0.5,0.0,0,0.0,0.0,0.4476227731429746,55.86345956996829,1.2,0.009912650006299373,0.0,{'optimal': 96},PASS,True,0.9167434000119101
2017-12-01,economic,heatwave_dr,73,{},259.7703417385528,0.0,0.00012723289623068937,5.3359232512171286e-08,6.363245588509833,0.0,266.1335873270626,266.1335873270626,0.5,0.0,0,0.0,0.0,0.4563670290114578,55.86345956996829,1.2,0.010051824996480718,0.0,{'optimal': 96},PASS,True,0.9359456000092905
2017-12-01,rainflow,ordinary,41,{},259.7708940564897,0.0,0.00012723289623068937,4.153022305013714e-08,6.362890718225972,0.0,266.13378477471565,266.13378477471565,0.5,0.0,0,0.0,0.0,0.446850019863402,45.86340827794808,1.2,0.021182225005759392,8.379069425457075e-05,{'optimal': 96},PASS,True,1.5146269999968354
2017-12-01,rainflow,heatwave_dr,41,{},259.77167639014533,0.0,0.00012723289623068937,5.373565211546476e-08,6.363256881097932,0.0,266.13493327124326,266.13493327124326,0.5,0.0,0,0.0,0.0,0.45164993463287273,55.861228400113276,1.2,0.021513350002351217,8.379069425457075e-05,{'optimal': 96},PASS,True,1.4952417000022251
2017-12-01,rainflow,ordinary,73,{},259.7708940564897,0.0,0.00012723289623068937,4.153022305013714e-08,6.362890718225972,0.0,266.13378477471565,266.13378477471565,0.5,0.0,0,0.0,0.0,0.4557043319277532,45.86340827794808,1.2,0.021654774980561342,8.379069425457075e-05,{'optimal': 96},PASS,True,1.5219493999902625
2017-12-01,rainflow,heatwave_dr,73,{},259.77167639014533,0.0,0.00012723289623068937,5.373565211546476e-08,6.363256881097932,0.0,266.13493327124326,266.13493327124326,0.5,0.0,0,0.0,0.0,0.46600761227764054,55.861228400113276,1.2,0.02162710000266088,8.379069425457075e-05,{'optimal': 96},PASS,True,1.5304352999955881
2017-12-01,scalar,ordinary,41,{},259.66760363224967,0.0,0.00012185488346530757,3.705650405569454e-08,6.09385586838705,0.0,265.7614595006367,265.7614595006367,0.5,0.0,0,0.0,0.0,0.39423674986453566,45.181031210433176,1.1627244459090318,0.028159825007605832,8.881784197001252e-16,{'optimal': 96},PASS,True,1.8977065999933984
2017-12-01,scalar,ordinary,73,{},259.66760363224967,0.0,0.00012185488346530757,3.705650405569454e-08,6.09385586838705,0.0,265.7614595006367,265.7614595006367,0.5,0.0,0,0.0,0.0,0.4118128259163252,45.181031210433176,1.1627244459090318,0.027466349994938355,8.881784197001252e-16,{'optimal': 96},PASS,True,1.884743000002345
2017-12-01,scalar,heatwave_dr,41,{},259.67236800151545,0.0,0.00012185488346530757,3.668536556529234e-08,6.093844734232338,0.0,265.7662127357478,265.7662127357478,0.5,0.0,0,0.0,0.0,0.38820323546274904,53.740389204550986,1.1627244459090318,0.027896699990378693,8.881784197001252e-16,{'optimal': 96},PASS,True,1.9620492000249214
2017-12-01,scalar,heatwave_dr,73,{},259.67236800151545,0.0,0.00012185488346530757,3.668536556529234e-08,6.093844734232338,0.0,265.7662127357478,265.7662127357478,0.5,0.0,0,0.0,0.0,0.40655887083341463,53.740389204550986,1.1627244459090318,0.027376049998565577,8.881784197001252e-16,{'optimal': 96},PASS,True,1.9115945999801625
2017-12-01,waveform,ordinary,73,{},259.6615100735449,0.0,0.00012186772141891756,3.705365622586043e-08,6.094497680632653,0.0,265.7560077541775,265.7560077541775,0.5,0.0,0,0.0,0.0,0.20244590728048317,45.181132172322265,1.1628165875076397,0.019127699990349356,8.881784197001252e-16,{'optimal': 96},PASS,True,1.3030920999881346
2017-12-01,waveform,heatwave_dr,41,{},259.67053254640444,0.0,0.00012186747835972248,3.6681661422522346e-08,6.0944743678288,0.0,265.76500691423325,265.76500691423325,0.5,0.0,0,0.0,0.0,0.18218327864606254,53.740016406708826,1.162814843155665,0.018840924989490304,8.881784197001252e-16,{'optimal': 96},PASS,True,1.3828421999933198
2017-12-01,waveform,ordinary,41,{},259.6640753495213,0.0,0.00012186747835972248,3.705613718349298e-08,6.094485602101629,0.0,265.75856095162294,265.75856095162294,0.5,0.0,0,0.0,0.0,0.18165965772936735,45.18112878826096,1.1628148431556649,0.02802605000033509,8.881784197001252e-16,{'optimal': 96},PASS,True,1.9083077000104822
2017-12-01,waveform,heatwave_dr,73,{},259.6679934639308,0.0,0.00012186772141891756,4.36575860465166e-08,6.0946957985272725,0.0,265.7626892624581,265.7626892624581,0.5,0.0,0,0.0,0.0,0.2026551008953478,54.69574499200808,1.1628165875076397,0.02725159998954041,8.881784197001252e-16,{'optimal': 96},PASS,True,1.9269233999948483
2017-12-01,infrared,ordinary,41,{},259.66760363224967,0.0,0.00012185488346530757,3.705650405569448e-08,6.09385586838705,0.0,265.7614595006367,265.7614595006367,0.5,0.0,0,0.0,0.0,0.5435977838504542,45.18103121043317,1.1627244459090318,0.021711825000238605,8.881784197001252e-16,{'optimal': 96},PASS,True,1.6489719999954104
2017-12-01,infrared,ordinary,73,{},259.66760363224967,0.0,0.00012185488346530757,3.7056504055694553e-08,6.09385586838705,0.0,265.7614595006367,265.7614595006367,0.5,0.0,0,0.0,0.0,0.547466167175343,45.181031210433176,1.1627244459090318,0.02268495001771953,8.881784197001252e-16,{'optimal': 96},PASS,True,1.7148718000098597
2017-12-01,infrared,heatwave_dr,41,{},259.67236800151545,0.0,0.00012185488346530757,3.668536556529234e-08,6.093844734232338,0.0,265.7662127357478,265.7662127357478,0.5,0.0,0,0.0,0.0,0.5482317186488399,53.740389204550986,1.1627244459090318,0.027013450009690132,8.881784197001252e-16,{'optimal': 96},PASS,True,1.9023231000173837
2017-12-01,infrared,heatwave_dr,73,{},259.67236800151545,0.0,0.00012185488346530757,3.6685365565292347e-08,6.093844734232338,0.0,265.7662127357478,265.7662127357478,0.5,0.0,0,0.0,0.0,0.5453843139511998,53.740389204550986,1.1627244459090318,0.027400450009736232,8.881784197001252e-16,{'optimal': 96},PASS,True,1.831730100006098
2017-12-01,full_mean,ordinary,41,{},259.6640753495213,0.0,0.00012186747835972248,3.705613718349298e-08,6.094485602101629,0.0,265.75856095162294,265.75856095162294,0.5,0.0,0,0.0,0.0,0.06867881321812098,45.18112878826096,1.1628148431556649,0.028090824991522823,8.881784197001252e-16,{'optimal': 96},PASS,True,1.8934847999771591
2017-12-01,full_mean,ordinary,73,{},259.6615100735449,0.0,0.00012186772141891756,3.7053656225860414e-08,6.094497680632653,0.0,265.7560077541775,265.7560077541775,0.5,0.0,0,0.0,0.0,0.0591630265988535,45.181132172322265,1.1628165875076397,0.028839099992183037,8.881784197001252e-16,{'optimal': 96},PASS,True,1.961837699986063
2017-12-01,full_mean,heatwave_dr,41,{},259.67053254640444,0.0,0.00012186747835972248,3.6681661422522346e-08,6.0944743678288,0.0,265.76500691423325,265.76500691423325,0.5,0.0,0,0.0,0.0,0.06843565276163019,53.740016406708826,1.162814843155665,0.02128202500898624,8.881784197001252e-16,{'optimal': 96},PASS,True,1.4301119000010658
2017-12-01,full_mean,heatwave_dr,73,{},259.6679934639308,0.0,0.00012186772141891756,4.3657586046516594e-08,6.0946957985272725,0.0,265.7626892624581,265.7626892624581,0.5,0.0,0,0.0,0.0,0.06001839202926614,54.69574499200808,1.1628165875076397,0.02168087499740068,8.881784197001252e-16,{'optimal': 96},PASS,True,1.5387729000067338
2017-12-01,full,ordinary,41,{},259.6640753495213,0.0,0.00012186747835972248,3.705613718349298e-08,6.094485602101629,0.0,265.75856095162294,265.75856095162294,0.5,0.0,0,0.0,0.0,0.5161166179207487,45.18112878826096,1.1628148431556649,0.028127149991632905,8.881784197001252e-16,{'optimal': 96},PASS,True,1.8923867999983486
2017-12-01,full,ordinary,73,{},259.6615100735449,0.0,0.00012186772141891756,3.705365622586034e-08,6.094497680632653,0.0,265.7560077541775,265.7560077541775,0.5,0.0,0,0.0,0.0,0.5178084975032772,45.18113217232225,1.1628165875076397,0.028841725012171082,8.881784197001252e-16,{'optimal': 96},PASS,True,1.9368832999898586
2017-12-01,full,heatwave_dr,41,{},259.67053254640444,0.0,0.00012186747835972248,3.6681661422522346e-08,6.0944743678288,0.0,265.76500691423325,265.76500691423325,0.5,0.0,0,0.0,0.0,0.5157852881517027,53.740016406708826,1.162814843155665,0.027116999990539625,8.881784197001252e-16,{'optimal': 96},PASS,True,1.9279164999898057
2017-12-01,full,heatwave_dr,73,{},259.6679934639308,0.0,0.00012186772141891756,4.36575860465166e-08,6.0946957985272725,0.0,265.7626892624581,265.7626892624581,0.5,0.0,0,0.0,0.0,0.5175724981541617,54.69574499200808,1.1628165875076397,0.027096325007732958,8.881784197001252e-16,{'optimal': 96},PASS,True,1.9220826999808196
2017-12-01,oracle,ordinary,41,{},259.66385348053774,0.0,0.0001218673404890273,3.705470674976146e-08,6.094478665653858,0.0,265.7583321461916,265.7583321461916,0.5,0.0,0,0.0,0.0,0.0,45.18105298932433,1.1628138537026493,0.027835174980282318,8.881784197001252e-16,{'optimal': 96},PASS,True,1.7739198000053875
2017-12-01,oracle,ordinary,73,{},259.66385348053774,0.0,0.0001218673404890273,3.705470674976146e-08,6.094478665653858,0.0,265.7583321461916,265.7583321461916,0.5,0.0,0,0.0,0.0,0.0,45.18105298932433,1.1628138537026493,0.028354574991681147,8.881784197001252e-16,{'optimal': 96},PASS,True,1.9019231999991462
2017-12-01,oracle,heatwave_dr,41,{},259.6699235994155,0.0,0.0001218673404890273,4.366121465307193e-08,6.094676860890957,0.0,265.76460046030644,265.76460046030644,0.5,0.0,0,0.0,0.0,0.0,54.695948338991954,1.1628138537026491,0.026584650004224386,8.881784197001252e-16,{'optimal': 96},PASS,True,1.8891798999975435
2017-12-01,oracle,heatwave_dr,73,{},259.6699235994155,0.0,0.0001218673404890273,4.366121465307193e-08,6.094676860890957,0.0,265.76460046030644,265.76460046030644,0.5,0.0,0,0.0,0.0,0.0,54.695948338991954,1.1628138537026491,0.021801374990900513,8.881784197001252e-16,{'optimal': 96},PASS,True,1.4561453000060283
